brand,platform,no,post_id,post_url,post_content,created_time,date,year,month,day,weekday,reactions_count,comments_count,reposts_count,hashtags,image_urls,image_count,video_urls,video_count
Nutifood,LinkedIn,1,urn:li:activity:7465968225185394688,https://www.linkedin.com/feed/update/urn:li:activity:7465968225185394688,"Nutifoodthamgiachuỗitriểnlãmquốctếngànhsữa,kem,tràsữavàthứcuốnghiệnđạidiễnratạiTrungtâmHộichợTriểnlãmQuốctếI.C.EHàNộitừngày28đến31/05/2026.Đâylàmộttrongnhữngsựkiệnchuyênngànhquymôlớn,quytụnhiềuthươnghiệusữavàdoanhnghiệphàngđầutrongnướcvàquốctế,đồngthờitrởthànhđiểmkếtnốiquantrọngcủangànhdinhdưỡng,thựcphẩmtrongkhuvực.Đếnvớitriểnlãmnămnay,Nutifoodmangđếnkhônggiantrảinghiệmvớichủđề“Hànhtrìnhkhámphánguồndinhdưỡngkhoahọc”,nổibậtcùngcôngthứcFDIvừađượcUSPTOHoaKỳcấpbằngsángchế.Thiếtkếgianhàngmởkếthợpnhiềuhoạtđộngtươngtác,dùngthửsảnphẩmvàminigamehấpdẫnđãthuhútđôngđảokháchthamquan,mangđếncơhộikhámphárõhơnvềhànhtrìnhnghiêncứuvàpháttriểndinhdưỡngcủadoanhnghiệpViệt.SựhiệndiệncủaNutifoodtạitriểnlãmkhôngchỉkhẳngđịnhtinhthầnđổimớivàđầutưbàibảnvàokhoahọcdinhdưỡng,màcònthểhiệnnỗlựcđồnghànhcùngsựpháttriểncủangànhsữaViệtNamtrongbốicảnhhộinhậpquốctế.Thôngquasựkiện,Nutifoodtiếptụclantỏagiátrịdinhdưỡngkhoahọc,nângcaochấtlượngsảnphẩmvàtừngbướckhẳngđịnhvịthếthươnghiệuViệttrênthịtrườngtrongnướcvàquốctế.----------------NUTIFOOD-Giảiphápdinhdưỡngcủachuyêngia🌐https://nutifood.com.vn#Nutifood#NutifoodVietNam",2026-05-29 10:32:15,2026-05-29,2026,5,29,Friday,56,3,1,"#Nutifood, #NutifoodVietNam","https://media.licdn.com/dms/image/v2/D5622AQFGE64cXJt-2Q/feedshare-shrink_800/B56Z5xyh9RJgAc-/0/1780025532458?e=1782345600&v=beta&t=uXP7_MXrAmvadrKwRrhqzSzLflV_t3bWPPZV6jLTQUk,https://media.licdn.com/dms/image/v2/D5622AQG-Qeo3zD-2Fw/feedshare-shrink_800/B56Z5xyiLEHYAc-/0/1780025533372?e=1782345600&v=beta&t=pHZn1QZNMbp6Q02aelRaTxiHqLivxjLLRZ5ql2yWy4k,https://media.licdn.com/dms/image/v2/D5622AQFGylCLlEhGUw/feedshare-shrink_800/B56Z5xyiTILEAc-/0/1780025534061?e=1782345600&v=beta&t=02I2-Xgg47DgeBEwD1jsEUDsTTfLbn8nWaT7ppJUIlI,https://media.licdn.com/dms/image/v2/D5622AQEZoOlB7CdOKQ/feedshare-shrink_800/B56Z5xyiVOIUAc-/0/1780025534223?e=1782345600&v=beta&t=eVfR8KOSrJJtrHjshFqSqhg4V4lhvI2O8PuT2B5YKZY",4,no_video,0
Nutifood,LinkedIn,2,urn:li:activity:7460985169018097664,https://www.linkedin.com/feed/update/urn:li:activity:7460985169018097664,"NutifoodchínhthứccôngbốCôngthứcdinhdưỡngđộcquyềnFDI(FoundationofDigestion&Immunity)hỗtrợtiêuhóavàmiễndịchđãđượcVănphòngSángchếvàThươnghiệuHoaKỳ(USPTO)cấpbằngsángchế—cộtmốcđầytựhào,khẳngđịnhnănglựcnghiêncứukhoahọcdinhdưỡngcủadoanhnghiệpViệttrênhànhtrìnhvươntầmquốctế.Đượcnghiêncứutừnăm2020bởiViệnNghiêncứuDinhdưỡngNutifoodThụyĐiển(NNRIS),CôngthứcFDIứngdụngcácthànhtựukhoahọcdinhdưỡngchâuÂudựatrênnhucầudinhdưỡngđặcthùcủatrẻemViệtNam.TheođánhgiátừUSPTO,điểmnổibậtcủacôngthứcnằmởsựkếthợpđặcthùgiữa2’FL-HMOvàFOScùnghiệuquảhỗtrợđồngthờihệtiêuhóavàmiễndịchởtrẻnhỏ.ViệcđượcUSPTOcấpbằngsángchếkhôngchỉlàsựghinhậnchonhữngnỗlựcnghiêncứuvàđổimớisángtạobềnbỉcủaNutifood,màcònđánhdấubướctiếnđángtựhàocủangànhsữaViệttrênbảnđồsởhữutrítuệtoàncầu.ĐâylàminhchứngchokhátvọngcủadoanhnghiệpViệttrongviệctạoranhữnggiátrịdinhdưỡngđạtchuẩnquốctếbằngchínhnềntảngkhoahọcdongườiViệtpháttriển.CộtmốcnàysẽtiếptụclàđộnglựcđểNutifoodkiênđịnhtheođuổisứmệnhnângtầmthểtrạngngườiViệt,đồngthờimangnhữnggiảiphápdinhdưỡngchấtlượngcaocủaViệtNamvươnxahơnrathếgiới.----------------NUTIFOOD-Giảiphápdinhdưỡngcủachuyêngia🌐https://nutifood.com.vn#Nutifood#NutifoodVietNam",2026-05-15 16:31:22,2026-05-15,2026,5,15,Friday,94,1,10,"#Nutifood, #NutifoodVietNam","https://media.licdn.com/dms/image/v2/D5622AQHd2FTuTQyzJA/feedshare-shrink_800/B56Z4q.eNgKwAk-/0/1778837480708?e=1782345600&v=beta&t=Qw9gqB9dy4nswKYLZnT9VRjB6xXHsD110rIsXy9CMk4,https://media.licdn.com/dms/image/v2/D5622AQEMTN6PAHmLNQ/feedshare-shrink_800/B56Z4q.eNqJkAg-/0/1778837480765?e=1782345600&v=beta&t=LtWrylBakXPosm3WLVInru0D1CfhnPBS39EMLr6aous,https://media.licdn.com/dms/image/v2/D5622AQG1-WrPiUjBsw/feedshare-shrink_800/B56Z4q.eNoHsAc-/0/1778837480722?e=1782345600&v=beta&t=Y5cem0Qqj9ZrPkkd1H1lEntVTkHJjMN-vTJ4WHaeP3s",3,no_video,0
Nutifood,LinkedIn,3,urn:li:activity:7459809176936939520,https://www.linkedin.com/feed/update/urn:li:activity:7459809176936939520,"Chiềungày11/5,ĐoànlãnhđạoTP.HCMđãđếnthịsátcôngtrườngCầuđibộquasôngSàiGònvàghinhậntiếnđộthicôngđangđượctriểnkhaikhẩntrương,trongđócôngtácchuẩnbịchomẻđổbêtôngbệtrụcầuchínhlàmộtcộtmốcquantrọngcủadựán.Hạngmụccódiệntíchgần1.900m2,dài48,5m,rộng39m,cao3m,sửdụngkhoảng5.674m3bêtôngcùng650tấnthépchophầnmóng.ĐâylàtrụcầucóquymôlớnnhấtTPHCMhiệnnay.CôngtrìnhcầuđibộquasôngSàiGònvớivốnđầutưgần1000tỷđồngdoNutifoodtàitrợnhưmộtlờitriânđầytrântrọnggửiđếnngườitiêudùngvàngườidânTP.HCM.Suốthànhtrìnhpháttriển,chínhsựtintưởng,lựachọnvàđồnghànhcủakháchhàngđãtạonênnềntảngvữngchắcđểNutifoodkhôngngừnglớnmạnh.Mỗibướctiếncủadoanhnghiệpngàyhômnayđềugắnliềnvớihàngtriệuniềmtinấy.Nutifoodmongmuốngửiđếncộngđồngmộtgiátrịlâudài,mộtkhônggiancôngcộnghiệnđạibênsôngSàiGòn,nơingườidâncóthểgặpgỡ,tảnbộvàtậnhưởngnhịpsốngđôthịtrongmộtkhônggianmở,gầngũivàđầykếtnối.Côngtrìnhkhôngchỉlàmộtdấuấnvềkiếntrúcvàhạtầng,màcònlàbiểutượngchosựđồnghành,gắnbógiữadoanhnghiệpvàcộngđồngthànhphố.----------------NUTIFOOD-Giảiphápdinhdưỡngcủachuyêngia🌐https://nutifood.com.vn#Nutifood#NutifoodVietNam",2026-05-12 10:38:24,2026-05-12,2026,5,12,Tuesday,42,0,3,"#Nutifood, #NutifoodVietNam","https://media.licdn.com/dms/image/v2/D5622AQFt3P_VufSRXg/feedshare-shrink_800/B56Z4aQ6hvG0Ac-/0/1778557102401?e=1782345600&v=beta&t=AK6-5NRd9OYacvoC9myjclEvfPS9kh3wb4nw-lm2ARU,https://media.licdn.com/dms/image/v2/D5622AQFilq3V-WiAlw/feedshare-shrink_800/B56Z4aQ6jwJkAc-/0/1778557102587?e=1782345600&v=beta&t=BIjX-7ascsoha6xC5TjJtx2NrAMaMz57h5u2CYWAJQk,https://media.licdn.com/dms/image/v2/D5622AQFSReIsmoGZqA/feedshare-shrink_800/B56Z4aQ6klKoAg-/0/1778557102583?e=1782345600&v=beta&t=XqUdwhUGPrPSRrinbvJflYgvff5ZBfLQs7hrjger2Kw,https://media.licdn.com/dms/image/v2/D5622AQGYpuMj3qtwAw/feedshare-shrink_800/B56Z4aQ6msIoAc-/0/1778557102816?e=1782345600&v=beta&t=YNJLbkryVZeS2qU-dN2hJGcAcwS0OobZowTHdjR0s5E",4,no_video,0
Nutifood,LinkedIn,4,urn:li:activity:7457627663667740672,https://www.linkedin.com/feed/update/urn:li:activity:7457627663667740672,"NutifoodchínhthứcđồnghànhcùngđộituyểnbóngchuyềnnữTP.HCMvớigóitàitrợtrịgiá9,3tỷđồng,tiếpthêmđộnglựcchohànhtrìnhtrởlạiGiảivôđịchquốcgiavàkhẳngđịnhlạivịthế.Nguồnlựcnàysẽgópphầncủngcốđộihìnhthôngquaviệcchiêumộcácvậnđộngviênchấtlượng,nângcaochếđộđãingộchobanhuấnluyệnvàtuyểnthủ,đồngthờitàitrợtoànbộtrangphụcthiđấuvàtậpluyệntrongmùagiải2026.Khôngdừnglạiởhỗtrợtàichính,NutifoodcònmangđếnhướngtiếpcậntoàndiệnvềdinhdưỡngthểthaokhiphốihợpcùngViệnNghiêncứuDinhdưỡngTP.HCM(NRI)triểnkhaicácchươngtrìnhđàotạochuyênsâu,giúpvậnđộngviêntốiưuthểlựcvàhiệusuấtthiđấutrongmôitrườngchuyênnghiệp.VớiNutifood,đồnghànhkhôngchỉlàtiếpsứcvềnguồnlực,màcònlàsựđầutưdàihạnvàonềntảngpháttriểnbềnvữngnơimỗivậnđộngviêncóthểtựtinbứtphávàchinhphụcnhữngcộtmốcmới.----------------NUTIFOOD-Giảiphápdinhdưỡngcủachuyêngia🌐https://nutifood.com.vn#Nutifood#NutifoodVietNam…xemthêm",2026-05-06 10:09:51,2026-05-06,2026,5,6,Wednesday,66,0,0,"#Nutifood, #NutifoodVietNam","https://media.licdn.com/dms/image/v2/D5622AQGfJVDpQAru8Q/feedshare-shrink_800/B56Z37Q1oZKMAc-/0/1778036988658?e=1782345600&v=beta&t=Dag0jIwibHrFnaoF0yCOkf7Vnp4p_h0FjOGj4zL3k0I,https://media.licdn.com/dms/image/v2/D5622AQGDAcKWl_8c-g/feedshare-shrink_800/B56Z37Q11kJwAg-/0/1778036989552?e=1782345600&v=beta&t=EnLpkyGX-UtDhtgbjKGFXbLfNxHKHV5JfhSDnd4Izt4,https://media.licdn.com/dms/image/v2/D5622AQEbVKC8OCzdoQ/feedshare-shrink_800/B56Z37Q10XIQAo-/0/1778036989422?e=1782345600&v=beta&t=e4dFDi5CCLZQ7CDm-dKiYzvtodpE0_hvSllMNqXsksc",3,no_video,0
Nutifood,LinkedIn,5,urn:li:activity:7452540390991237120,https://www.linkedin.com/feed/update/urn:li:activity:7452540390991237120,"GippsNaturetiếptụcđồnghànhcùngTasteofAustralia2026tạiTP.HCM,khẳngđịnhchấtlượngchuẩnÚcngaytạithịtrườngViệtNam.TasteofAustralialàsựkiệnthườngniênuytíndoTổngLãnhsựquánÚctạiViệtNamtổchức,đóngvaitròcầunốithúcđẩyhợptácthươngmạivàgiaolưuvănhóagiữahaiquốcgia.Việcgópmặttạisựkiệnkhôngchỉthểhiệnsựhiệndiệncủacácthươnghiệuuytínquốctếmàcònlàdấumốcchonhữngbướctiếnhợptácthựcchấtgiữadoanhnghiệphainước.Nếunhưnăm2025đánhdấugiaiđoạnkhởiđầuhợptácgiữaNutifoodvàViPlusDairy,thìđếnnăm2026,mốiquanhệnàyđãchínhthứcđượchiệnthựchóathôngquaviệcramắtdòngsảnphẩmsữacôngthứcphasẵnđạmA2hữucơchuẩnACOtừÚcthuộcthươnghiệuGippsNaturetạiViệtNam.Sảnphẩmđượcpháttriểntừnguồnnguyênliệuhữucơgiátrịcaocùngcôngthứcdinhdưỡngđượcthiếtkếchuyênbiệt,mangđếnthêmlựachọndinhdưỡngchấtlượngquốctếchocácgiađìnhViệt.Tạisựkiện,bàSarahHooper–đạidiệnTổngLãnhsựquánÚctạiViệtNamcũngđãghéthămgianhàng,chiasẻsựquantâmvàghinhậnnhữngnỗlựchợptáctrongviệcmangcácsảnphẩmdinhdưỡngchuẩnÚcđếngầnhơnvớingườitiêudùngViệtNam.SựhiệndiệncủaGippsNaturetạiTasteofAustralia2026tiếptụckhẳngđịnhuytínthươnghiệu,đồngthờimởranhiềucơhộihợptácpháttriểntronglĩnhvựcdinhdưỡng,gópphầnnângcaochấtlượngchămsócsứckhỏecộngđồng.#GippsNature#Nutifood#ViPlus#OrganicA2----------------NUTIFOOD-Giảiphápdinhdưỡngcủachuyêngia🌐https://nutifood.com.vn#Nutifood#NutifoodVietNam",2026-04-22 09:14:50,2026-04-22,2026,4,22,Wednesday,52,0,1,"#GippsNature, #Nutifood, #ViPlus, #OrganicA2, #NutifoodVietNam","https://media.licdn.com/dms/image/v2/D5622AQGg_FOqnr8k-w/feedshare-shrink_800/B56Z2y9_X0GgAc-/0/1776824088276?e=1782345600&v=beta&t=5N6X-s0IuF9NfFlsUJTYzeTdRyeKJZPW-rxWudV4VrU,https://media.licdn.com/dms/image/v2/D5622AQGrHKtqpvObSg/feedshare-shrink_1280/B56Z2y9_YLI8AM-/0/1776824088333?e=1782345600&v=beta&t=cPfufVuRZJUxM9ppxjsbkeN_wVpRpSQvs6vaDNg4e2k,https://media.licdn.com/dms/image/v2/D5622AQGaPM5zeaZlHw/feedshare-shrink_1280/B56Z2y9_ZuI8AM-/0/1776824088414?e=1782345600&v=beta&t=NiZM3L3SFmxtqf7F4-ADJEylz9tOvhStf7ujnKGWEiw,https://media.licdn.com/dms/image/v2/D5622AQHz_LhK19W6Vg/feedshare-shrink_800/B56Z2y9_SuH4Ag-/0/1776824087956?e=1782345600&v=beta&t=fev2kqBZtgOtaZH7MtUCXsoz3B6Rnp1ky0VB6Y4iO2Q",4,no_video,0
Nutifood,LinkedIn,6,urn:li:activity:7450852631239122945,https://www.linkedin.com/feed/update/urn:li:activity:7450852631239122945,"Vớimongmuốnsansẻnhiềuhơncùngcộngđồng,NutifoodđãđồnghànhcùngTrungtâmBảotrợNgườikhuyếttậtHiệpBìnhChánhtổchứcNgàyhội“Hànhtrìnhyêuthương–Tựtintỏasáng”,mangđếnkhônggiankếtnốivàsẻchiachogần250côchú,anhchịđangđượcchămsóctạitrungtâm.Trongdịpnày,Nutifoodtraotặngtrangthiếtbịphòngtậpvậtlýtrịliệutrịgiá300triệuđồngnhằmgópthêmđiềukiệntậpluyệntốthơn,tiếpthêmđộnglựctrênhànhtrìnhphụchồivàhòanhậpcủacáccôchú,anhchịtạiđây.VớiNutifood,phụngsựcộngđồngluônlàmộtphầntronghànhtrìnhpháttriểnbềnbỉ–bắtđầutừnhữnghànhđộngthiếtthực,chânthànhvàlâudài.Chúngtôitinrằngkhicùngchungtaylantỏasựquantâmvàyêuthương,sẽcóthêmnhiềucơhộiđểnhữnghoàncảnhkémmaymắntựtinhơntrênhànhtrìnhvươnlêntrongcuộcsống.----------------NUTIFOOD-Giảiphápdinhdưỡngcủachuyêngia🌐https://nutifood.com.vn#Nutifood#NutifoodVietNam",2026-04-17 17:28:17,2026-04-17,2026,4,17,Friday,47,1,1,"#Nutifood, #NutifoodVietNam","https://media.licdn.com/dms/image/v2/D5622AQF_M1Rtn8t75g/feedshare-shrink_800/B56Z2a..uEKMAc-/0/1776421694552?e=1782345600&v=beta&t=Lhu-c0vvLBGbnXs2GqCxYHua-GOmlJ-HIVvptmO89aw,https://media.licdn.com/dms/image/v2/D5622AQEmmc28YXTh0g/feedshare-shrink_800/B56Z2a..35HgAg-/0/1776421695196?e=1782345600&v=beta&t=xNqL9OuI0MVDwLU35UT1H_YzmDHBWuyPnzKSH9xrsas,https://media.licdn.com/dms/image/v2/D5622AQFRomsTdrCIag/feedshare-shrink_800/B56Z2a..24KQAc-/0/1776421695150?e=1782345600&v=beta&t=n4PLO7vI62yIubPdj5ixYTvLVUH5WDVRWQyszl4YkIg,https://media.licdn.com/dms/image/v2/D5622AQElTsKaXHqz6g/feedshare-shrink_800/B56Z2a..r6IsAc-/0/1776421694425?e=1782345600&v=beta&t=2mJLlV4e0sHBRq35ybNeODBBpHzv2rIFOM8ArD7p5xY",4,no_video,0
Nutifood,LinkedIn,7,urn:li:activity:7447928162384125952,https://www.linkedin.com/feed/update/urn:li:activity:7447928162384125952,"HướngđếnNgàySứckhỏeThếgiới,tuầnquaNutifoodđãtriểnkhaicáchoạtđộngýnghĩadànhchongườicaotuổivàbệnhnhicóhoàncảnhkhókhăntạikhuvựcTP.HồChíMinh.Ngày05/04,NutifoodphốihợpcùngBệnhviệnNguyễnTriPhươngtổchứcchươngtrìnhkhámsànglọc,tầmsoátbệnhlýchuyênkhoamiễnphíchongườicaotuổitạiphườngAnĐông,đồngthờitraotặng200phầnquàdinhdưỡngthiếtthực.ĐâylàmộttrongnhữnghoạtđộngtiếpnốinỗlựccủaNutifoodtrongviệcgópphầnnângcaothểtrạngvàchấtlượngsốngchocộngđồng.Songsongđó,chươngtrình“ATMSữa”tiếptụcđượctriểnkhaitạiBệnhviệnUngBướuTP.HCM,mangđếnnguồnsữadinhdưỡngmiễnphímỗingàychocácbệnhnhinộitrú.Mỗilysữađượctraođikhôngchỉlàsựhỗtrợvềdinhdưỡng,màcònlàlờiđộngviên,sẻchiavàniềmhyvọngNutifoodmongmuốngửiđếncácemcùnggiađìnhtrênhànhtrìnhđiềutrịnhiềuthửtháchphíatrước.VớiNutifood,dinhdưỡngkhôngchỉlàsảnphẩm,màcònlàcamkếtđồnghànhbềnbỉvìmộtViệtNamkhỏemạnhhơn.----------------NUTIFOOD-Giảiphápdinhdưỡngcủachuyêngia🌐https://nutifood.com.vn#Nutifood#NutifoodVietNam",2026-04-09 15:47:29,2026-04-09,2026,4,9,Thursday,41,0,2,"#Nutifood, #NutifoodVietNam","https://media.licdn.com/dms/image/v2/D5622AQFTNCr8_NyXIA/feedshare-shrink_800/B56Z1xbMhtGwAc-/0/1775724448073?e=1782345600&v=beta&t=2JJIv8pTGXrEnPfLXRi2fjzpKyDu3JetMvc2_C7MGYg,https://media.licdn.com/dms/image/v2/D5622AQGDPB2xWK9VaA/feedshare-shrink_800/B56Z1xbMgvHAAc-/0/1775724448001?e=1782345600&v=beta&t=P2QJYcR8OxWcs4bFkOpcrOJaAdWSAnZUW7z3N9a_Bww,https://media.licdn.com/dms/image/v2/D5622AQF61ftKlx8JwA/feedshare-shrink_800/B56Z1xbMEoGgAg-/0/1775724446222?e=1782345600&v=beta&t=feR4ho5RXyclM7wwz6E3h90papCLelhqSnW17MJ4O_0,https://media.licdn.com/dms/image/v2/D5622AQHQGpAWtHpyTA/feedshare-shrink_800/B56Z1xbMkzIUAc-/0/1775724448266?e=1782345600&v=beta&t=s3aLszKOko_EQQGp1tS0DqIVlcXc9HpHttCKeZjby4w",4,no_video,0
Nutifood,LinkedIn,8,urn:li:activity:7443873077161263104,https://www.linkedin.com/feed/update/urn:li:activity:7443873077161263104,"CHÚCMỪNG26NĂMHÀNHTRÌNHNUTIFOOD–26NĂMNÂNGTẦMVÓCVIỆT26năm–mộthànhtrìnhđủdàiđểvunđắpniềmtin,đủbềnbỉđểkhẳngđịnhmộtsứmệnh:đápứngnhucầudinhdưỡngchuyênbiệtchotừngđốitượngvàđộtuổi,dinhdưỡnghàngngàychomọigiađình.Từnhữngngàyđầutiêncònnhiềuthửthách,Nutifoodđãkiênđịnhtheođuổiconđườngcủamình–đặtngườitiêudùnglàmtrungtâm,đặtchấtlượnglàmnềntảng,vàđặttráchnhiệmvớicộngđồnglàmkimchỉnampháttriển.Mỗisảnphẩmrađờikhôngchỉlàkếtquảcủanghiêncứukhoahọcdinhdưỡng,màcònlàtâmhuyếtcủacảmộttậpthểmongmuốngópphầnnângcaothểchấtchocácthếhệViệtNam.Trênhànhtrình26nămấy,điềuquýgiánhấtmàNutifoodcóđượcchínhlàsựtinyêuvàđồnghànhcủangườitiêudùngViệt.Đókhôngchỉlàsựlựachọn,màcònlàsựgửigắmniềmtin—đểNutifoodcóthêmđộnglựcbềnbỉtheođuổisứmệnhcủamìnhmỗingày.Nhândịpkỷniệm26nămthànhlập,NutifoodxingửilờitriânsâusắcvàchânthànhnhấtđếnQuýkháchhàng,đốitácvàtấtcảnhữngngườiđãluôntintưởng,đồnghànhcùngNutifoodsuốtchặngđườngvừaqua.ChínhsựyêuthươngấylànguồnđộnglựcđểNutifoodtiếptụcnỗlựcnhiềuhơnnữatrênhànhtrìnhnângtầmdinhdưỡngViệt.Hànhtrìnhphíatrướcvẫncònnhiềuướcmơcầnthựchiện.Nhưngvớitâmhuyết–tráchnhiệm–khátvọngphụngsựcộngđồng,Nutifoodsẽtiếptụcvữngbước,đểmỗisảnphẩmtraođikhôngchỉlàdinhdưỡng,màcònlàsựchămsóctừtráitimdànhchongườiViệt.Mộtlầnnữa,ChúcmừngNutifood26năm–tiếptụcvữngbướcvìmộtViệtNamkhỏemạnhhơn!----------------NUTIFOOD-Giảiphápdinhdưỡngcủachuyêngia🌐https://nutifood.com.vn#Nutifood#NutifoodVietNam…xemthêm",2026-03-29 11:14:02,2026-03-29,2026,3,29,Sunday,78,1,3,"#Nutifood, #NutifoodVietNam","https://media.licdn.com/dms/image/v2/D5622AQFEUVJjCBs9rQ/feedshare-shrink_800/B56Z03zGfMHoAA-/0/1774757636351?e=1782345600&v=beta&t=OWpp8moSgP9PcIXaGl8FcUd5Cnwa8DwlKiSA468ax1A,https://media.licdn.com/dms/image/v2/D5622AQFjEJycjAPlBQ/feedshare-shrink_800/B56Z03zGdNH0Ac-/0/1774757636170?e=1782345600&v=beta&t=_71MRaAa9FpM10swdgPiY_EYRBpE9wlDNX8GooD-iSA,https://media.licdn.com/dms/image/v2/D5622AQHxLgqgxHciBg/feedshare-shrink_800/B56Z03zHWPJkAc-/0/1774757640256?e=1782345600&v=beta&t=h3ppW2EaxZRPPV1yOZayBLBX94WrmMYf4FYJeiTGatc",3,no_video,0
Nutifood,LinkedIn,9,urn:li:activity:7440211542723424256,https://www.linkedin.com/feed/update/urn:li:activity:7440211542723424256,"ĐoàndoanhnghiệpNôngNghiệpAustraliathămNutifood,thúcđẩyhợptácchiếnlượcChiều18/3,NutifoodvinhdựđóntiếpđoàndoanhnghiệpnôngnghiệptừAustraliađếnthămvàlàmviệc,nhằmmởrộnghợptáctronglĩnhvựcdinhdưỡngvànôngnghiệpcôngnghệcao.ĐoàndoMr.ChrisMorley–ThamtánThươngmạivàĐầutưAustraliadẫnđầu,cùngđạidiệnnhiềutổchứcvàdoanhnghiệptiêubiểutronghệsinhtháinôngnghiệp–đầutưcủaAustralia.Tạibuổilàmviệc,ôngTrầnBảoMinh-PhóChủtịchHĐQTNutifoodnhấnmạnhmốiquanhệhợptácngàycàngpháttriểngiữaNutifoodvàcácđốitácAustralia,nổibậtvớiliêndoanhViPlusNutritionalAustraliavàthươnghiệuGippsNature.TrongbốicảnhthunhậpvàchấtlượngsốngtạiViệtNamngàycàngnângcao,nhucầuđốivớicácsảnphẩmdinhdưỡngchấtlượngcao,nguồngốcminhbạchcũnggiatăng.Đâyđượcxemlàcơhộilớnđểthúcđẩyhợptác,đặcbiệtvớicácsảnphẩmnôngnghiệpsạch,hữucơtừAustralia.#Nutifood#AustraliaVietnam#Nutrition#HighTechAgriculture",2026-03-19 08:44:24,2026-03-19,2026,3,19,Thursday,66,3,0,"#Nutifood, #AustraliaVietnam, #Nutrition, #HighTechAgriculture","https://media.licdn.com/dms/image/v2/D5622AQER5Uv_HHyG_g/feedshare-shrink_800/B56Z0Dw.CjJsAc-/0/1773884662138?e=1782345600&v=beta&t=iSXSm2nMLtT3n6Osg4XjeH1NmJiSPmdiP9iRpevtvmo,https://media.licdn.com/dms/image/v2/D5622AQGD2Zz0LpzDEg/feedshare-shrink_800/B56Z0Dw.GMJkAg-/0/1773884662398?e=1782345600&v=beta&t=XqC77qv8r24sQXRLKoActSeokjoMUetsXPyysvfYdGg",2,no_video,0
Nutifood,LinkedIn,10,urn:li:activity:7436309924466475010,https://www.linkedin.com/feed/update/urn:li:activity:7436309924466475010,"🌸HappyInternationalWomen’sDay–8/3🌸TạiNutifood,chúngtôiluôntinrằngmỗingườiphụnữđềumangtrongmìnhnhữnggiátrịđặcbiệt–sựtậntâm,bảnlĩnhvànguồncảmhứngtíchcựcchotậpthể.Chínhnhữngđiềuđóđãgópphầntạonênmộtmôitrườnglàmviệcnhânvăn,nơimọicánhânđượctôntrọng,ghinhậnvàpháttriển.Khôngchỉtrongcôngviệchằngngày,Nutifoodluôntrântrọngvàtriânnhữngđónggópcủacácchịemthôngquanhữngdịpđặcbiệt,nhưmộtlờicảmơnchânthànhđếnsựtậntâm,nỗlựcvànhữnggiátrịtíchcựcmàcácchịemđãgópphầntạonênchođạigiađìnhNutifood.NhânNgàyQuốctếPhụnữ8/3,Nutifoodxingửilờichúctốtđẹpnhấtđếntấtcảnhữngngườiphụnữtuyệtvời.Chúcbạnluônrạngrỡ,hạnhphúc,trànđầynănglượngvàtiếptụctỏasángtheocáchriêngcủamình.💐Cảmơncácchịemvìđãluônlànguồncảmhứngchogiađình,đồngnghiệpvàcộngđồng.#InternationalWomensDay#Nutifood#WomenAtWork#Gratitude…xemthêm",2026-03-08 14:20:45,2026-03-08,2026,3,8,Sunday,92,3,2,"#InternationalWomensDay, #Nutifood, #WomenAtWork, #Gratitude","https://media.licdn.com/dms/image/v2/D5622AQHxtxRGJwoPoA/feedshare-shrink_800/B56ZzMUcSsKMAc-/0/1772954437388?e=1782345600&v=beta&t=VbzajbQGrWjBKiHyLTSNsR_9qfTBnvM7LL4sZ8mHx7k,https://media.licdn.com/dms/image/v2/D5622AQEtUJSrusL2LA/feedshare-shrink_800/B56ZzMUdf5KUAc-/0/1772954444204?e=1782345600&v=beta&t=XJu5uFr_L7PCpqwwX2t9rdIsnART1Dquub7CwT-3eSM,https://media.licdn.com/dms/image/v2/D5622AQH1JEq0GJ5svw/feedshare-shrink_800/B56ZzMUc27HAAc-/0/1772954439804?e=1782345600&v=beta&t=_17z1N0KxKp1iFcnYa9tGIhf5FUDWNCijStUpZS7oyU,https://media.licdn.com/dms/image/v2/D5622AQEEQvabFebmlw/feedshare-shrink_800/B56ZzMUdNTHoAc-/0/1772954441136?e=1782345600&v=beta&t=czmH1z-EzpO3fR_4-FWHRdhsv2hs7DcN8vdMGkVAI7g",4,no_video,0
Nutifood,LinkedIn,11,urn:li:activity:7432989928990470144,https://www.linkedin.com/feed/update/urn:li:activity:7432989928990470144,"TOPNHỮNGĐỊAĐIỂMHẸNHÒ08/03DÂNTÌNHĐANGRỈTAINHAUTOP1GỌITÊNYEPO08/03này,nếuSenđangtìmmộtchỗhẹnhòvừavui,vừadễthươnglạiđủwowthìYEPOchínhlàcáitênTop1servertạiSàiThànhđónha!VìsaoYEPOluôncómặttronglisthẹnhò08/03?VìtớiYEPOlàcóngaycombohẹnhòđúnggugiớitrẻ:Gặpđủmặt15bécúnidoltoànnăng,nhữngcontướngcựcđángyêucủanhàYEPOKhônggianmớitoanh,nhiềugóccheck-inlênhìnhđỉnhcủachópThoảimáivuichơi,tươngtácvàchụphìnhcùngcácbécúnsiêuđángyêuThưởngthứcmenukem“độcquyền”nhàYEPO,vừaănkemmátlạnh,vừangồichơichillchillDịp08/03này,nếuSenchưabiếthẹnnhauởđâuchonhẹnhàngmàvẫnvuithìghéYEPOthửnha.Tụimìnhđangchuẩnbịmọithứthậtchỉnchu,chỉcònchờSenghéchơiđểhoànthànhmộtbuổihẹnđúngnghĩathôiđó----------------------------------TOPDATESPOTSFOR08/03THATEVERYONE’SBEENWHISPERINGABOUTANDYES…TOP1GOESTOYEPOIfyou’relookingforadatespotthisMarch8that’sfun,cute,andjusttherightamountofwow-YEPOisofficiallyaTop1pickinSaigonrightnow.SowhyisYEPOoneveryone’s08/03datelist?Becausecominghere=theperfectGenZdatingcombo:Meetall15ofoursuperstardoggoidols-cute,playful,andfullofpersonalityBrand-newspacewithtonsofaestheticphotocornersChill,play,andtakephotoswiththepupsasmuchasyoulikeEnjoyYEPO’sexclusiveicecreammenuwhilehangingouttogetherThisMarch8,ifyou’restillthinking“whereshouldwego?”andwantsomethingcozybutstillfun,comebyYEPO.We’vepreparedeverythingwithlove-justwaitingforyoutoshowupandcompletetheperfectdate----------------------------------YEPODog&IceCreamĐịachỉ:237BếnVânĐồn,PhườngVĩnhHội,HCMHotline:0961229449Giờmởcửa:10am-9pm…xemthêm",2026-02-27 10:28:17,2026-02-27,2026,2,27,Friday,40,0,2,,"https://media.licdn.com/dms/image/v2/D5622AQFL9EzaFCCtdw/feedshare-shrink_800/B56ZydI8ypIIAg-/0/1772162895498?e=1782345600&v=beta&t=htIUJhG_OxFh4iQyILcNkzhamryZXAyqTMbXbCJyYzw,https://media.licdn.com/dms/image/v2/D5622AQHFcdkYH9rL9A/feedshare-shrink_800/B56ZydI80yKEAk-/0/1772162895708?e=1782345600&v=beta&t=0G-Ugu5x-Jvre-Mwn53S2T4vmvnIYQEeHCGkvTTeDy8,https://media.licdn.com/dms/image/v2/D5622AQGF16HeBHuPpA/feedshare-shrink_800/B56ZydI8yVHgAg-/0/1772162895538?e=1782345600&v=beta&t=LgrooJ6YdIFRcwpFfvW2fUb7UvT9wcIxTt4u9tL1euk,https://media.licdn.com/dms/image/v2/D5622AQGnjMw192cGew/feedshare-shrink_800/B56ZydI80jHUAg-/0/1772162895705?e=1782345600&v=beta&t=-68XO8ELCooVsV66B1hUQsWbnl3WQaaI9GZcoAG14Xk",4,no_video,0
Nutifood,LinkedIn,12,urn:li:activity:7415817093364830208,https://www.linkedin.com/feed/update/urn:li:activity:7415817093364830208,"😍🥰Xinchúcmừng4chàngtraicủaHọcviệnBóngđáNutifood:PhạmLýĐức,NguyễnQuốcViệt,NguyễnNhậtMinhvàNguyễnTháiQuốcCườngđềurasânthiđấu,cốnghiếnhếtmìnhvàgópcôngvàochiếnthắng2–1đầycảmxúccủaU23ViệtNamtrướcU23Kyrgyzstantạilượttrậnthứ2giảiU23châuÁ.🇻🇳🇻🇳🇻🇳🇻🇳🇻🇳🇻🇳🇻🇳⚽️⚽️⚽️Nhữngbướcchạyquảcảm,tinhthầnchiếnđấukhôngngừngnghỉcủacácemchínhlàniềmtựhàocủaHọcviệnBóngđáNutifoodvàngườihâmmộ.ChúcU23ViệtNamtiếptụcbảnlĩnh,tựtinvàtiếnxahơnnữa!💪⚽🇻🇳…xemthêm",2026-01-11 01:09:34,2026-01-11,2026,1,11,Sunday,30,0,1,,"https://media.licdn.com/dms/image/v2/D5622AQE6cbOLHZCYtQ/feedshare-shrink_800/B56ZupGWAyI0Ag-/0/1768068572098?e=1782345600&v=beta&t=h55PH-QJgPqLgompN0MB73m_8IZV6mrgXu_yzxiy4Qk,https://media.licdn.com/dms/image/v2/D5622AQGh1Wmsy09JIw/feedshare-shrink_1280/B56ZupGWA7GwAs-/0/1768068572101?e=1782345600&v=beta&t=bW6XyCSSx0lU76MQBr41ZFpI_93_7-NeVzptiTlzXkY",2,no_video,0
Nutifood,LinkedIn,13,urn:li:activity:7414518314439352320,https://www.linkedin.com/feed/update/urn:li:activity:7414518314439352320,"TựhàoquáU23ViệtNamơi!TựhàocáccầuthủLýĐức,NhậtMinh,QuốcViệt–đạidiệncủaHọcviệnBóngđáNutifood!Cảmơncácchiếnbinhsaovàngđãthiđấuquảcảm,hếtmìnhvìmàucờsắcáovàgiànhchiếnthắngthuyếtphục2–0trướcđộibóngmạnhJordantạivòngchungkếtU23châuÁ.NUTIFOOD-Giảiphápdinhdưỡngcủachuyêngia----------------🌐https://nutifood.com.vn#Nutifood#NutifoodVietNam#NutifoodJMG#Nutimilk…xemthêm",2026-01-07 11:08:41,2026-01-07,2026,1,7,Wednesday,33,0,2,"#Nutifood, #NutifoodVietNam, #NutifoodJMG, #Nutimilk","https://media.licdn.com/dms/image/v2/D5622AQF0RPk3KvV10w/feedshare-shrink_800/B56ZuWpFHnKgAg-/0/1767758916775?e=1782345600&v=beta&t=m8SpH2il57SQyVHc-KyLjeUc_yo42bbJIq8Ca30hfu8,https://media.licdn.com/dms/image/v2/D5622AQGtku3FhM7KJQ/feedshare-shrink_800/B56ZuWpFGhJIAg-/0/1767758919070?e=1782345600&v=beta&t=E5yuf860LWAfz7sWDaaA24H7f3b-CORUQ19AswVSTW0,https://media.licdn.com/dms/image/v2/D5622AQGYwz-ZtgyBQA/feedshare-shrink_800/B56ZuWpFGyJgAk-/0/1767758914384?e=1782345600&v=beta&t=xr_WVPdpqh-BAUAxbvPRmzwkrA6WyJUT21CujtgKPio",3,no_video,0
Nutifood,LinkedIn,14,urn:li:activity:7408720425112858625,https://www.linkedin.com/feed/update/urn:li:activity:7408720425112858625,"VIỆTNAMVÔĐỊCHVIỆTNAMVÔĐỊCHChúcmừngcáccầuthủHọcviệnBóngĐáNutifood:PhạmLýĐức,NguyễnNhậtMinh,NguyễnQuốcViệtvàNguyễnTháiQuốcCườngđềurasânvàgópcôngvàochiếcHCVSEAGames33----------------NUTIFOOD-Giảiphápdinhdưỡngcủachuyêngia🌐https://nutifood.com.vn#Nutifood#NutifoodVietNam…xemthêm",2025-12-22 11:09:56,2025-12-22,2025,12,22,Monday,27,1,0,"#Nutifood, #NutifoodVietNam","https://media.licdn.com/dms/image/v2/D5622AQGxSVZBa3W4Nw/feedshare-shrink_800/B56ZtEP9PsLEAk-/0/1766376594704?e=1782345600&v=beta&t=lq74quOKHdtgSvAsZy4RcSJW_vTwNI_g2akdSsni4Po,https://media.licdn.com/dms/image/v2/D5622AQFE44oLULM73A/feedshare-shrink_800/B56ZtEP9P2HkAg-/0/1766376594187?e=1782345600&v=beta&t=sYh32-7fRwQHSHP_7H0GDn3rGXBMr4p5E9E8u0mx1MA,https://media.licdn.com/dms/image/v2/D5622AQFJTaA__1mOoA/feedshare-shrink_800/B56ZtEP9PpJsAg-/0/1766376594387?e=1782345600&v=beta&t=TSIUsbcmbPiR-BDpFo9S6V_kDoUXZlDyfgJCSSb1CqM",3,no_video,0
Nutifood,LinkedIn,15,urn:li:activity:7455520978022973440,https://www.linkedin.com/feed/update/urn:li:activity:7455520978022973440,"30/4gợinhắcvềhànhtrìnhkiêncườngvànhữngđónggóptolớncủacácthếhệđitrước–nhữngconngườiđãcùngnhautạonêndấumốcvẻvangtronglịchsửdântộc,đưađấtnướcđếnvớihòabìnhvàthốngnhất.Nhữnggiátrịđượchunđúcquabaothếhệkhôngchỉlàniềmtựhào,màcòntrởthànhnguồnđộnglựcđểcácthếhệhômnaytiếptụcnỗlực,chungtayxâydựngmộtViệtNamngàycàngmạnhmẽ,vữngvàngvàgiàutiềmnăngtrongtươnglai.Tiếpnốitinhthầnấy,NutifoodbềnbỉtheođuổikhátvọngnângtầmgiátrịdinhdưỡngchongườiViệt.Mỗisảnphẩmkhôngchỉlàkếtquảcủaquátrìnhnghiêncứuvàcảitiếnliêntục,màcònlàcamkếtmangđếnchấtlượngngàycànghoànthiệnhơn,gópphầnnângcaothểtrạngvàsứckhỏecộngđồng.Trênhànhtrìnhpháttriển,NutifoodkiênđịnhtheođuổimụctiêuđưasảnphẩmViệtchinhphụccáctiêuchuẩnquốctế,từngbướckhẳngđịnhvịthếthươnghiệuViệttrênthịtrườngtoàncầu.Đókhôngchỉlàhànhtrìnhcủamộtdoanhnghiệp,màcònlàniềmtựhàokhigiátrịViệtđượclantỏamạnhmẽhơnrathếgiới.----------------NUTIFOOD-Giảiphápdinhdưỡngcủachuyêngia🌐https://nutifood.com.vn#Nutifood#NutifoodVietNam…xemthêm",2026-04-30 14:38:38,2026-04-30,2026,4,30,Thursday,22,1,0,"#Nutifood, #NutifoodVietNam",https://media.licdn.com/dms/image/v2/D5622AQEvJZ1oyZR0jw/feedshare-shrink_800/B56Z3dU0mBH4Ac-/0/1777534716577?e=1782345600&v=beta&t=OGZbfUCV3srnCbpt1TqWRCiCnT0ZFNU5Qjt-fXPuLx0,1,no_video,0
Nutifood,LinkedIn,16,urn:li:activity:7398930073766055936,https://www.linkedin.com/feed/update/urn:li:activity:7398930073766055936,"NutifoodđượcvinhdanhDoanhnghiệpcónhiềuđónggóptiêubiểuchophongtràothiđuayêunướcHộiChữthậpđỏViệtNamgiaiđoạn2020-2025Sángngày23/11vừaquatạiHàNội,trongkhuônkhổĐạihộiThiđuayêunướctoànquốclầnthứVIgiaiđoạn2025–2030doHộiChữthậpđỏViệtNamtổchức,NutifoodđãvinhdựnhậngiảithưởngDoanhnghiệpcónhiềuđónggóptiêubiểuchophongtràothiđuayêunướcgiaiđoạn2020-2025.Trong25nămpháttriển,NutifoodluônkiênđịnhvớisứmệnhnângchuẩnsứckhỏengườiViệtvàthựchiệnnhiềuchươngtrìnhansinhnhưhỗtrợthiếtbịytế,tặngsữatrongđạidịch,xâydựngtrườnghọcvàđónggóphơn100tỷđồngmỗinămchocáchoạtđộngcộngđồng,cùngnhữngcôngtrìnhcógiátrịlâudàinhưcầuđibộ1.000tỷđồngquasôngSàiGòn.Nhữngnămgầnđây,NutifoodtiếptụcđồnghànhcùngHộiChữthậpđỏViệtNamvớitổnggiátrịtàitrợkhoảng200tỷđồngthôngquacácchươngtrìnhthiếtthựcnhưtặnghồbơidạybơimiễnphí,traohọcbổngvàhỗtrợdinhdưỡngchongườiyếuthế.NhữngnỗlựcnàythểhiệntâmhuyếtcủatậpthểNutifoodtrongviệcđónggópchocộngđồngvàlantỏagiátrịnhânáitrênkhắpcảnước.----------------NUTIFOOD-Giảiphápdinhdưỡngcủachuyêngia🌐https://nutifood.com.vn#Nutifood#NutifoodVietNam…xemthêm",2025-11-25 10:46:35,2025-11-25,2025,11,25,Tuesday,31,1,0,"#Nutifood, #NutifoodVietNam","https://media.licdn.com/dms/image/v2/D4D22AQHQPn4oNs06ug/feedshare-shrink_800/B4DZq5Hr8sIkAk-/0/1764042393137?e=1782345600&v=beta&t=6V1BIWECp0G3C8jxCBxw4Rj5aF0r2Ukr1D2e0Ng-7hA,https://media.licdn.com/dms/image/v2/D4D22AQGkwFVOBa23Aw/feedshare-shrink_800/B4DZq5Hr.DIEAg-/0/1764042393031?e=1782345600&v=beta&t=8kG7eOxgWV9Ey4-oR1ITZH0Mlvq3o2BgN4iG50Zk-WM,https://media.licdn.com/dms/image/v2/D4D22AQE8zEblo7qLKA/feedshare-shrink_800/B4DZq5Hr82KQAg-/0/1764042393305?e=1782345600&v=beta&t=ZwGDBdBdtjue50sfsgI2gVqKM4MdYeDBeZIkmH01Bvg,https://media.licdn.com/dms/image/v2/D4D22AQHIyY6qPM9Hew/feedshare-shrink_800/B4DZq5Hr99JIAg-/0/1764042392837?e=1782345600&v=beta&t=9eDAvPbSoG_2HhRZFlLwNYsh3_2h6ZnzE61PRVqIh0Q",4,no_video,0
Nutifood,LinkedIn,17,urn:li:activity:7397462129303298048,https://www.linkedin.com/feed/update/urn:li:activity:7397462129303298048,"NutifoodchínhthứcgópmặttrongTOP100NơilàmviệctốtnhấtViệtNam2025Tối19/11,NutifoodđượcxướngtêntạilễtraogiảiAnphabe,đứngTop9ngànhhàngtiêudùngvàTop18toànquốctrongnhómdoanhnghiệplớn.Mộtcộtmốcđẹpchohànhtrình25nămbềnbỉmangnhữngsảnphẩmdinhdưỡngchấtlượngđếnchocộngđồngvàchungtayxâydựngmộtmôitrườnglàmviệctíchcực,hiệuquảvàđầynănglượng.ChúngtôiliêntụcđổimớinhưứngdụngAItrongcôngviệc,nângcaophúclợi,mởphòngtưvấntâmlý,pháttriểnhoạtđộnggắnkếttừteambuildingđếnthểthao,đểmỗinhânviênđềuđượcchămlotrọnvẹn.Khôngchỉhướngđếnsựpháttriểnnộibộ,Nutifoodcònnỗlựcđónggópchocộngđồng.Từviệctàitrợtoànbộkinhphí1000tỷđồngxâydựngcâycầuđibộquasôngSàiGònnhưmộtlờitriângửiđếnngườitiêudùng,đếncácchươngtrìnhthiệnnguyệndànhchotrẻemvànhữnghoàncảnhkhókhăntrênkhắpcảnước.Chúngtôitinrằngmộtdoanhnghiệptốtphảitạoragiátrịtốtchoxãhội.Giảithưởngnàylàlờikhẳngđịnh:Nutifoodkhôngchỉlànơilàmviệc,màđangtrởthành“ngôinhàthứhai”,nơimỗithànhviênđượclắngnghe,đượcpháttriểnvàđượchạnhphúcthậtsự.Hànhtrìnhphíatrướccòndàivàchúngtôiháohứcviếttiếpcâuchuyệntốtđẹpnàycùngnhau.----------------NUTIFOOD-Giảiphápdinhdưỡngcủachuyêngia🌐https://nutifood.com.vn#Nutifood#NutifoodVietNam…xemthêm",2025-11-21 09:33:29,2025-11-21,2025,11,21,Friday,96,1,2,"#Nutifood, #NutifoodVietNam","https://media.licdn.com/dms/image/v2/D5622AQG_B2FivVKhZQ/feedshare-shrink_800/B56ZqkQl97JUAg-/0/1763692407136?e=1782345600&v=beta&t=olM-jPPGWCucMtpk-o7ZI0ruAbs_Viq1SA0IND-6jmQ,https://media.licdn.com/dms/image/v2/D5622AQHYQAV64bwRqw/feedshare-shrink_800/B56ZqkQl9FJQAg-/0/1763692406707?e=1782345600&v=beta&t=QoGw83H3qlKNeUHauDUxjnqE9ixeZigWVkeXZb6d6Es,https://media.licdn.com/dms/image/v2/D5622AQH97IH-TijZEg/feedshare-shrink_800/B56ZqkQl9xH8Ag-/0/1763692407845?e=1782345600&v=beta&t=DnrtqNy_al28cctXd72BZtXDlzm2Iu3xJkINw019b5M,https://media.licdn.com/dms/image/v2/D5622AQEchFtLymzCsQ/feedshare-shrink_800/B56ZqkQl9YJwAk-/0/1763692407231?e=1782345600&v=beta&t=oFb0ajMfyJKMuoV-tZwzVO4ZYSCMLTCBBEU4MiA6yxQ",4,no_video,0
Nutifood,LinkedIn,18,urn:li:activity:7396042310074945536,https://www.linkedin.com/feed/update/urn:li:activity:7396042310074945536,"NutifoodhướngvềmiềnTrung,chungtayđểmáinhàsaubãosớmsángđèntrởlạiMiềnTrungnhữngngàynàyvẫncònđầyngổnngangsaucơnbãoKalmaegi(bãosố13).RiêngGiaLai(BìnhĐịnhcũ)đãcórấtnhiềucănnhàbịsập,máitônbịthổibay,nhiềugiađìnhđứngtrướcnguycơkhôngkịpcóchỗởantoàntrướcTết.Trướcnhữngkhókhănấy,Thủtướngđãkêugọicảnước“aicógìgiúpnấy”,đểngườidânsớmdựnglạimáiấm,ổnđịnhcuộcsống.Hưởngứnglờikêugọiđầynhânvănđó,ngaychiềunay,đạidiệnNutifoodđãcómặttạiUỷBanMặttrậnTổquốcViệtNamtỉnhGiaLaiđểủnghộ10tỷđồngtiềnmặtđếntỉnhnhà,gópphầngiúpbàconkhôiphụcnhàcửa,ổnđịnhtinhthần.BuổilễtraotặngcósựthamdựcủaUỷviênTrungươngĐảng-PhóThủtướngChínhphủHồQuốcDũng,minhchứngchosựđồnglònggiữaChínhphủvàdoanhnghiệptronglúckhókhănnhất.Ngoàira,còncónhữngchủshop,đốitáclớncủaNutifoodchứngkiếngiâyphútxúcđộngnàyCầuchúcmiềnTrungsớmhồisinh,bàconsớmvượtquakhókhănnày!MờicácNutierxemquanhữngkhoảnhkhắcđặcbiệtchiềuhômnayvàlờitâmtìnhcủađốitácNutifood.----------------NUTIFOOD-Giảiphápdinhdưỡngcủachuyêngia🌐https://nutifood.com.vn#Nutifood#NutifoodVietNam…xemthêm",2025-11-17 11:31:38,2025-11-17,2025,11,17,Monday,14,0,0,"#Nutifood, #NutifoodVietNam","https://media.licdn.com/dms/image/v2/D5622AQGUubgBLVBgTA/feedshare-shrink_800/B56ZqQFSC1IsAo-/0/1763353896618?e=1782345600&v=beta&t=WXP_AYYYMqrUJ6myKqNr9QhLA_HlIl8e8VX7TEGCvR4,https://media.licdn.com/dms/image/v2/D5622AQGhh6I-XWpxdg/feedshare-shrink_800/B56ZqQFSCxJUAg-/0/1763353896595?e=1782345600&v=beta&t=uznG5ifTWL6q8KbNUP9djIEDokit1JKhWi1BXq36QuI",2,no_video,0
Nutifood,LinkedIn,19,urn:li:activity:7396042593798668288,https://www.linkedin.com/feed/update/urn:li:activity:7396042593798668288,"NghĩatìnhNutiergiữalúckhomáudựtrữTP.HCMgiảm50%KhiTP.HCMđangcầnmáuhơnbaogiờhết,Nutierđãsẵnsàngxắntayáo,biếntinhthần“đồnghànhcùngcộngđồng”thànhhànhđộngcụthể.Gần150đơnvịmáuđượctraođitrongNgàyhộiHiếnmáutìnhnguyện2025,minhchứngchosứcmạnhtậpthểvàtráitimnhânáicủađạigiađìnhNutifood.MộtthôngtinmớinhấttừBệnhviệnTruyềnmáuHuyếthọcTP.HCM,khomáucủabệnhviệnhiệnchỉcònkhoảng6.000túi,trongkhimứcantoàncầnđạt10.000-12.000túiđểđápứngnhucầucấpcứuvàđiềutrị.Trongbốicảnhnguồnmáukhanhiếm,gần150đơnvịmáudocácNutierhiếntặngtrongNgàyhộiHiếnmáutìnhnguyện2025sẽtrởnênvôcùngquýgiá,gópphầnmanglạicơhộisốngchonhiềubệnhnhânđangcầnđượctiếpthêmhyvọng.ĐạidiệnBanChỉđạoVậnđộngHiếnmáutìnhnguyệnphườngKhánhHộichobiếtsốmáutiếpnhậnhômnaycóthểhỗtrợđiềutrịchokhoảng450ngườiđangcầntruyềnmáu,đólàmộtconsốvôcùngýnghĩa.----------------NUTIFOOD-Giảiphápdinhdưỡngcủachuyêngia🌐https://nutifood.com.vn#Nutifood#NutifoodVietNam…xemthêm",2025-11-17 11:32:46,2025-11-17,2025,11,17,Monday,43,0,0,"#Nutifood, #NutifoodVietNam","https://media.licdn.com/dms/image/v2/D5622AQFLwv6Z8vevfw/feedshare-shrink_800/B56ZqQFhfPHkAg-/0/1763353961499?e=1782345600&v=beta&t=mLUrBQ4xPGpJdn_36cfzOXrQ1qu5w4wsvHJc6bwCTZ0,https://media.licdn.com/dms/image/v2/D5622AQGmBQhE0psx0Q/feedshare-shrink_800/B56ZqQFhfUJoAg-/0/1763353961491?e=1782345600&v=beta&t=Ehl4TmVwUCzWacRmCynm4GP1K6m02yjZaqjCCgyBUX8,https://media.licdn.com/dms/image/v2/D5622AQG26LQPrBlzYA/feedshare-shrink_800/B56ZqQFhfuHYAg-/0/1763353964100?e=1782345600&v=beta&t=INYbpuwhe1_KulkXhnQR6aag77_USQgk9qrgCMLvbsA,https://media.licdn.com/dms/image/v2/D5622AQHpq7bVmEGunQ/feedshare-shrink_800/B56ZqQFhfcJ4Ag-/0/1763353964036?e=1782345600&v=beta&t=yNxqq6qfG5zbHtpJV05VwZag8AEt6jbPNi8HJQz54UU",4,no_video,0
Nutifood,LinkedIn,20,urn:li:activity:7395025918387425282,https://www.linkedin.com/feed/update/urn:li:activity:7395025918387425282,"NUTIFOODĐÓNTIẾPBỘTRƯỞNGDANNYPEARSON–ĐÁNHDẤUBƯỚCHỢPTÁCCHIẾNLƯỢC🇻🇳🇦🇺Ngày10/11/2025,NutifoodvinhdựđóntiếpNghịsĩDannyPearson–BộtrưởngPháttriểnKinhtế&ViệclàmkiêmBộtrưởngTàichínhBangVictoria(Australia)tạitrụsởTP.HồChíMinh.ChuyếnthămthểhiệnsựquantâmcủaChínhquyềnBangVictoriađốivớimôhìnhhợptácgiữaNutifoodvàViPlusDairytronglĩnhvựcdinhdưỡngchấtlượngcao.Tạibuổilàmviệc,ôngTrầnBảoMinh–PhóChủtịchHĐQTNutifoodđãgiớithiệuvềhànhtrìnhhaibênđồngsánglậpliêndoanhViPlusNutritionalAustraliavàpháttriểnthươnghiệudinhdưỡngtoàncầuGippsNature.RamắttạiViệtNamtừtháng10/2025,GippsNaturenhanhchóngtạoấntượngnhờtiêuchuẩnquốctế,nguồnnguyênliệuhữucơtừGippslandvàtriếtlýdinhdưỡng“thuậntựnhiên”củaÚc.BộtrưởngDannyPearsonđánhgiácaoliêndoanhnàynhưmộthìnhmẫuhợptáckinhtếbềnvững,gópphầnthúcđẩythươngmạisongphươngvàmởracơhộipháttriểndàihạnchocảhaiquốcgia.NutifoodtiếptụcđầutưmạnhmẽvàomởrộngtrangtrạivànhàmáytạiGiaLainhằmpháttriểncácsảnphẩmdinhdưỡngchuẩnÚcphụcvụthịtrườngquốctế.Kếtthúcbuổigặpgỡ,lãnhđạohaibêntáikhẳngđịnhcamkếthợptácđểkiếntạogiátrịdinhdưỡngbềnvững,đónggópvàosựpháttriểncủaViệtNamvàAustralia.----------------NUTIFOOD-Giảiphápdinhdưỡngcủachuyêngia🌐https://nutifood.com.vn#Nutifood#NutifoodVietNam#ViPlus…xemthêm",2025-11-14 16:12:51,2025-11-14,2025,11,14,Friday,51,0,1,"#Nutifood, #NutifoodVietNam, #ViPlus","https://media.licdn.com/dms/image/v2/D5622AQEKuSWEI10lVg/feedshare-shrink_800/B56ZqBo0rvHQAg-/0/1763111561728?e=1782345600&v=beta&t=cqvzOm1UcJEV0SJHcy1ZTAGgFq9jdaI5Wl7TVz4AlbE,https://media.licdn.com/dms/image/v2/D5622AQH1yohHmDCNGw/feedshare-shrink_800/B56ZqBo0psIYAk-/0/1763111562410?e=1782345600&v=beta&t=_tlpxtpcxI39VoNUr3k2TINVyksOJ8VRQfSOpziHWOU,https://media.licdn.com/dms/image/v2/D5622AQH5jAYl5u9txw/feedshare-shrink_800/B56ZqBo0toJYAg-/0/1763111569925?e=1782345600&v=beta&t=gSQOObCgr1s-O-azConVohoplyRtuHo3z3SgXUScA-E,https://media.licdn.com/dms/image/v2/D5622AQEiGe_ZP0wVVA/feedshare-shrink_800/B56ZqBo0qwIsAg-/0/1763111561844?e=1782345600&v=beta&t=O6YEAvYpizVYpCBIB6xVnaG18FZaSFCerv-NCnl4IbY",4,no_video,0
Nutifood,LinkedIn,21,urn:li:activity:7452654557962194944,https://www.linkedin.com/feed/update/urn:li:activity:7452654557962194944,"TạiNutifood,chúngtôitinrằngchămsócsứckhỏeconngườiluônsonghànhvớiviệcgìngiữmộtmôitrườngsốngxanhvàbềnvững.NhânNgàyTráiĐất22/4,Nutifoodmongmuốncùnglantỏatinhthầnsốngxanhthôngquanhữnghànhđộngthiếtthựctrongcôngviệcvàcuộcsốnghằngngày.Từnhữnglựachọncótráchnhiệmtronghoạtđộngsảnxuấtđếnviệcxâydựngmôitrườnglàmviệcthânthiệnhơnvớimôitrường,Nutifoodtừngbướchướngđếnmụctiêupháttriểnbềnvữngvàđónggóptíchcựcchocộngđồng.Mỗihànhđộngnhỏhômnayđềugópphầntạonênnhữngthayđổiýnghĩachotươnglai.Cùngchungtayvìmộthànhtinhxanhhơnvàmộtcuộcsốngkhỏemạnhhơnchocácthếhệmaisau.🌱💚----------------NUTIFOOD-Giảiphápdinhdưỡngcủachuyêngia🌐https://nutifood.com.vn#Nutifood#NutifoodVietNam…xemthêm",2026-04-22 16:48:30,2026-04-22,2026,4,22,Wednesday,34,2,0,"#Nutifood, #NutifoodVietNam",https://media.licdn.com/dms/image/v2/D5622AQH5m4PdvOIXaQ/feedshare-shrink_800/B56Z20l1AHIkAc-/0/1776851309040?e=1782345600&v=beta&t=LQKYYC3cxiw5dxawbepqUG-yqWaPGG2qVXnL9UYfAKU,1,no_video,0
Nutifood,LinkedIn,22,urn:li:activity:7367104122392670208,https://www.linkedin.com/feed/update/urn:li:activity:7367104122392670208,"🥰TựhàoNutifood🌟Từ28/8đến5/9/2025,Nutifoodvinhdựgópmặttrongtriểnlãmchuyênđề“80nămHànhtrìnhĐộcLập–TựDo–HạnhPhúc”tạiTrungtâmTriểnlãmViệtNam(HàNội).💥🥰GianhàngNutifoodmangđậmsứmệnh“Kiếntạodinhdưỡng–Vươntầmthếgiới”,nổibậtvớimôhìnhcâycầuđibộquasôngSàiGòn–biểutượngmớicủaTP.HCMmàNutifoodđãtàitrợxâydựng.❤️🌠Bêntrong,khuvựcImmersiveRoomsẽđưadukháchbướcvàohànhtrình25nămkiếntạodinhdưỡngvàvươnrathếgiớicủaNutifood,trọnvẹnvàsốngđộng.♻️😍Đồngthời,kháchthamquancòncócơhộitrảinghiệmvàthưởngthứccácsảnphẩmdinhdưỡngđadạngnhưGrowPLUS+,NuVi,Varna,NutiMilk,CàphêÔngBầu,kemCelano,Merino,...👍👍👍✅ĐâylàdịpđểmỗiNutiercùnglantỏaniềmtựhàođếnbạnbè,ngườithânvàđếnthamquan,hòamìnhvàobầukhôngkhíhânhoanchàomừngQuốckhánh2/9nhé💓…xemthêm",2025-08-29 15:01:36,2025-08-29,2025,8,29,Friday,141,1,4,,"https://media.licdn.com/dms/image/v2/D5622AQEMEKvZGxuq8A/feedshare-shrink_800/B56Zj02JvwH8Ag-/0/1756454495019?e=1782345600&v=beta&t=olTm4OoJ0gB7luFW4QoWHyaZyds_EcHHoF6z8FfA08c,https://media.licdn.com/dms/image/v2/D5622AQHuRZSgvNzbhA/feedshare-shrink_800/B56Zj02JvaIAAg-/0/1756454495213?e=1782345600&v=beta&t=57NtKx9cv_sCkxu9-po9fiEqP7KFTaiantqczTj4SSA,https://media.licdn.com/dms/image/v2/D5622AQFdreBUDmoCeQ/feedshare-shrink_800/B56Zj02JvLHAAg-/0/1756454495195?e=1782345600&v=beta&t=iB0MsLTPHHHgfGrLrp4B3acpD3arstiqP4kp3OdcxKA,https://media.licdn.com/dms/image/v2/D5622AQEOmIcdc11B9Q/feedshare-shrink_800/B56Zj02JvTHQAo-/0/1756454495106?e=1782345600&v=beta&t=Rcv-FcB_BhwU8f0q8pU2frjRuv6VQmugGR346H4PvKM",4,no_video,0
Nutifood,LinkedIn,23,urn:li:activity:7422583719464607744,https://www.linkedin.com/feed/update/urn:li:activity:7422583719464607744,"🌉✨ChungtaybìnhchọnchodựánCầuđibộ–côngtrìnhvìcộngđồngdoNutifoodtàitrợtạiWeChoiceAwardsnămnay!Khôngchỉlàmộtcâycầunốihaibờ,đâycònlàcâycầunốiyêuthương,antoànvàhyvọngchohàngngànngườidânmỗingày.Nutifoodtựhàođượcđồnghànhtrongdựánýnghĩanày–nơigiátrịcộngđồngluônđượcđặtlênhàngđầu.👉Nếubạntinvàonhữngcôngtrìnhmanglạithayđổitíchcựcchoxãhội👉Nếubạnủnghộnhữngdựánvìconngười,vìtươnglai💙HãydànhmộtlượtbìnhchọnchoDựánCầuđibộNutifoodtạiWeChoiceAwardsđểlantỏađiềutốtđẹpnhé!👉👉👉Linkbìnhchọn:https://lnkd.in/geXWbEHsMỗilượtvotecủabạnlàmộtbướctiếnchocộngđồngantoànhơn,nhânvănhơn🙌#Nutifood#WeChoiceAwards#CauDiBo#DuAnViCongDong#BinhChonNgay…xemthêm",2026-01-29 17:17:43,2026-01-29,2026,1,29,Thursday,36,0,2,"#Nutifood, #WeChoiceAwards, #CauDiBo, #DuAnViCongDong, #BinhChonNgay",https://media.licdn.com/dms/image/sync/v2/D5627AQEZ9VbTUQTp7w/articleshare-shrink_160/B56ZwIRhcHJwAk-/0/1769665338861?e=1781553600&v=beta&t=LBxt_hdEGhIZuIVq4VayoBQVFl2XQs6tsDcPwMB708Y,1,no_video,0
Nutifood,LinkedIn,24,urn:li:activity:7433040216518725632,https://www.linkedin.com/feed/update/urn:li:activity:7433040216518725632,"🍀27/2–Triânnhững“chiếnsĩáotrắng”❤️🧑‍⚕️NhânNgàyThầythuốcViệtNam27/2,chúngtahãycùngnhaugửilờitriânsâusắcđếncácbácsĩ,ysĩvàNutierđangcốnghiếntronglĩnhvựcytế.🥰💐Bằngkiếnthứcchuyênmôn,tinhthầntráchnhiệm,cácanhchịđangngàyngàygópphầnlantỏasứmệnhnângcaothểtrạngngườiViệtquatừngsảnphẩmdinhdưỡng.☺️🥰Cảmơnnhữngnỗlựcbềnbỉ,sựtậntụythầmlặngvàniềmtinnghềnghiệpmàcácanhchịđãcốnghiến,đểphíasaumỗihànhtrìnhpháttriểncủaNutifoodluôncósựđồnghànhcủanhững“ngườihùngáotrắng”.💯💯💯🩷KínhchúccácanhchịvàtấtcảNutierđangcốnghiếntronglĩnhvựcytếluôndồidàosứckhỏe,giữvữngnhiệthuyết,cónhiềuniềmvuitronghànhtrìnhlantỏatinhhoadinhdưỡngvàchămsócsứckhỏecộngđồng.🍀…xemthêm",2026-02-27 13:48:06,2026-02-27,2026,2,27,Friday,20,0,0,,https://media.licdn.com/dms/image/v2/D5622AQHMDnR7vZDKcQ/feedshare-shrink_800/B56Zyd2r_PIwAg-/0/1772174885212?e=1782345600&v=beta&t=nl-P8x2gOxUG7gE4fv9avQ4vOGBHu2AWdr5zYQFQvhU,1,no_video,0
Nutifood,LinkedIn,25,urn:li:activity:7412180682023559168,https://www.linkedin.com/feed/update/urn:li:activity:7412180682023559168,"🥳CHÚCMỪNGNĂMMỚI2026✨🌟🎯Năm2026đãđến,mởramộtchươngmớitrànđầyhyvọngvànhữngcơhộituyệtvời🎉Hãychờđónnhữnghànhtrìnhmớivàcùngnhautạonênnhữngcộtmốcấntượngnhé💗…xemthêm",2026-01-01 00:19:46,2026-01-01,2026,1,1,Thursday,39,1,0,,https://media.licdn.com/dms/image/v2/D5622AQEPnLH3YzJz2w/feedshare-shrink_800/B56Zt1bDPpJoAg-/0/1767201585182?e=1782345600&v=beta&t=1PCPauA1cZ9dxxM47IDM91zMGyq_5tbs_6VQItCOEFw,1,no_video,0
