stt,urn,post_url,created_time,publish_time,content,images,videos,reactions_count,comments_count,reposts_count
1,urn:li:activity:7465968225185394688,https://www.linkedin.com/feed/update/urn:li:activity:7465968225185394688,2026-05-29 10:32:15,,"Nutifood tham gia chuỗi triển lãm quốc tế ngành sữa, kem, trà sữa và thức uống hiện đại diễn ra tại Trung tâm Hội chợ Triển lãm Quốc tế I.C.E Hà Nội từ ngày 28 đến 31/05/2026. Đây là một trong những sự kiện chuyên ngành quy mô lớn, quy tụ nhiều thương hiệu sữa và doanh nghiệp hàng đầu trong nước và quốc tế, đồng thời trở thành điểm kết nối quan trọng của ngành dinh dưỡng, thực phẩm trong khu vực.Đến với triển lãm năm nay, Nutifood mang đến không gian trải nghiệm với chủ đề “Hành trình khám phá nguồn dinh dưỡng khoa học”, nổi bật cùng công thức FDI vừa được USPTO Hoa Kỳ cấp bằng sáng chế. Thiết kế gian hàng mở kết hợp nhiều hoạt động tương tác, dùng thử sản phẩm và minigame hấp dẫn đã thu hút đông đảo khách tham quan, mang đến cơ hội khám phá rõ hơn về hành trình nghiên cứu và phát triển dinh dưỡng của doanh nghiệp Việt.Sự hiện diện của Nutifood tại triển lãm không chỉ khẳng định tinh thần đổi mới và đầu tư bài bản vào khoa học dinh dưỡng, mà còn thể hiện nỗ lực đồng hành cùng sự phát triển của ngành sữa Việt Nam trong bối cảnh hội nhập quốc tế. Thông qua sự kiện, Nutifood tiếp tục lan tỏa giá trị dinh dưỡng khoa học, nâng cao chất lượng sản phẩm và từng bước khẳng định vị thế thương hiệu Việt trên thị trường trong nước và quốc tế.----------------NUTIFOOD - Giải pháp dinh dưỡng của chuyên gia🌐https://nutifood.com.vnhashtag#Nutifoodhashtag#NutifoodVietNam","https://media.licdn.com/dms/image/v2/D5622AQFGE64cXJt-2Q/feedshare-shrink_800/B56Z5xyh9RJgAc-/0/1780025532458?e=1782345600&v=beta&t=uXP7_MXrAmvadrKwRrhqzSzLflV_t3bWPPZV6jLTQUk, https://media.licdn.com/dms/image/v2/D5622AQG-Qeo3zD-2Fw/feedshare-shrink_800/B56Z5xyiLEHYAc-/0/1780025533372?e=1782345600&v=beta&t=pHZn1QZNMbp6Q02aelRaTxiHqLivxjLLRZ5ql2yWy4k, https://media.licdn.com/dms/image/v2/D5622AQFGylCLlEhGUw/feedshare-shrink_800/B56Z5xyiTILEAc-/0/1780025534061?e=1782345600&v=beta&t=02I2-Xgg47DgeBEwD1jsEUDsTTfLbn8nWaT7ppJUIlI, https://media.licdn.com/dms/image/v2/D5622AQEZoOlB7CdOKQ/feedshare-shrink_800/B56Z5xyiVOIUAc-/0/1780025534223?e=1782345600&v=beta&t=eVfR8KOSrJJtrHjshFqSqhg4V4lhvI2O8PuT2B5YKZY",,56,3,1
2,urn:li:activity:7460985169018097664,https://www.linkedin.com/feed/update/urn:li:activity:7460985169018097664,2026-05-15 16:31:22,,"Nutifood chính thức công bố Công thức dinh dưỡng độc quyền FDI (Foundation of Digestion & Immunity) hỗ trợ tiêu hóa và miễn dịch đã được Văn phòng Sáng chế và Thương hiệu Hoa Kỳ (USPTO) cấp bằng sáng chế — cột mốc đầy tự hào, khẳng định năng lực nghiên cứu khoa học dinh dưỡng của doanh nghiệp Việt trên hành trình vươn tầm quốc tế.Được nghiên cứu từ năm 2020 bởi Viện Nghiên cứu Dinh dưỡng Nutifood Thụy Điển (NNRIS), Công thức FDI ứng dụng các thành tựu khoa học dinh dưỡng châu Âu dựa trên nhu cầu dinh dưỡng đặc thù của trẻ em Việt Nam. Theo đánh giá từ USPTO, điểm nổi bật của công thức nằm ở sự kết hợp đặc thù giữa 2’FL-HMO và FOS cùng hiệu quả hỗ trợ đồng thời hệ tiêu hóa và miễn dịch ở trẻ nhỏ.Việc được USPTO cấp bằng sáng chế không chỉ là sự ghi nhận cho những nỗ lực nghiên cứu và đổi mới sáng tạo bền bỉ của Nutifood, mà còn đánh dấu bước tiến đáng tự hào của ngành sữa Việt trên bản đồ sở hữu trí tuệ toàn cầu. Đây là minh chứng cho khát vọng của doanh nghiệp Việt trong việc tạo ra những giá trị dinh dưỡng đạt chuẩn quốc tế bằng chính nền tảng khoa học do người Việt phát triển.Cột mốc này sẽ tiếp tục là động lực để Nutifood kiên định theo đuổi sứ mệnh nâng tầm thể trạng người Việt, đồng thời mang những giải pháp dinh dưỡng chất lượng cao của Việt Nam vươn xa hơn ra thế giới.----------------NUTIFOOD - Giải pháp dinh dưỡng của chuyên gia🌐https://nutifood.com.vnhashtag#Nutifoodhashtag#NutifoodVietNam","https://media.licdn.com/dms/image/v2/D5622AQHd2FTuTQyzJA/feedshare-shrink_800/B56Z4q.eNgKwAk-/0/1778837480708?e=1782345600&v=beta&t=Qw9gqB9dy4nswKYLZnT9VRjB6xXHsD110rIsXy9CMk4, https://media.licdn.com/dms/image/v2/D5622AQEMTN6PAHmLNQ/feedshare-shrink_800/B56Z4q.eNqJkAg-/0/1778837480765?e=1782345600&v=beta&t=LtWrylBakXPosm3WLVInru0D1CfhnPBS39EMLr6aous, https://media.licdn.com/dms/image/v2/D5622AQG1-WrPiUjBsw/feedshare-shrink_800/B56Z4q.eNoHsAc-/0/1778837480722?e=1782345600&v=beta&t=Y5cem0Qqj9ZrPkkd1H1lEntVTkHJjMN-vTJ4WHaeP3s",,94,1,10
3,urn:li:activity:7459809176936939520,https://www.linkedin.com/feed/update/urn:li:activity:7459809176936939520,2026-05-12 10:38:24,,"Chiều ngày 11/5, Đoàn lãnh đạo TP.HCM đã đến thị sát công trường Cầu đi bộ qua sông Sài Gòn và ghi nhận tiến độ thi công đang được triển khai khẩn trương, trong đó công tác chuẩn bị cho mẻ đổ bê tông bệ trụ cầu chính là một cột mốc quan trọng của dự án. Hạng mục có diện tích gần 1.900 m2, dài 48,5 m, rộng 39 m, cao 3 m, sử dụng khoảng 5.674 m3 bêtông cùng 650 tấn thép cho phần móng. Đây là trụ cầu có quy mô lớn nhất TP HCM hiện nay.Công trình cầu đi bộ qua sông Sài Gòn với vốn đầu tư gần 1000 tỷ đồng do Nutifood tài trợ như một lời tri ân đầy trân trọng gửi đến người tiêu dùng và người dân TP.HCM. Suốt hành trình phát triển, chính sự tin tưởng, lựa chọn và đồng hành của khách hàng đã tạo nên nền tảng vững chắc để Nutifood không ngừng lớn mạnh. Mỗi bước tiến của doanh nghiệp ngày hôm nay đều gắn liền với hàng triệu niềm tin ấy.Nutifood mong muốn gửi đến cộng đồng một giá trị lâu dài, một không gian công cộng hiện đại bên sông Sài Gòn, nơi người dân có thể gặp gỡ, tản bộ và tận hưởng nhịp sống đô thị trong một không gian mở, gần gũi và đầy kết nối. Công trình không chỉ là một dấu ấn về kiến trúc và hạ tầng, mà còn là biểu tượng cho sự đồng hành, gắn bó giữa doanh nghiệp và cộng đồng thành phố.----------------NUTIFOOD - Giải pháp dinh dưỡng của chuyên gia🌐https://nutifood.com.vnhashtag#Nutifoodhashtag#NutifoodVietNam","https://media.licdn.com/dms/image/v2/D5622AQFt3P_VufSRXg/feedshare-shrink_800/B56Z4aQ6hvG0Ac-/0/1778557102401?e=1782345600&v=beta&t=AK6-5NRd9OYacvoC9myjclEvfPS9kh3wb4nw-lm2ARU, https://media.licdn.com/dms/image/v2/D5622AQFilq3V-WiAlw/feedshare-shrink_800/B56Z4aQ6jwJkAc-/0/1778557102587?e=1782345600&v=beta&t=BIjX-7ascsoha6xC5TjJtx2NrAMaMz57h5u2CYWAJQk, https://media.licdn.com/dms/image/v2/D5622AQFSReIsmoGZqA/feedshare-shrink_800/B56Z4aQ6klKoAg-/0/1778557102583?e=1782345600&v=beta&t=XqUdwhUGPrPSRrinbvJflYgvff5ZBfLQs7hrjger2Kw, https://media.licdn.com/dms/image/v2/D5622AQGYpuMj3qtwAw/feedshare-shrink_800/B56Z4aQ6msIoAc-/0/1778557102816?e=1782345600&v=beta&t=YNJLbkryVZeS2qU-dN2hJGcAcwS0OobZowTHdjR0s5E",,42,0,3
4,urn:li:activity:7457627663667740672,https://www.linkedin.com/feed/update/urn:li:activity:7457627663667740672,2026-05-06 10:09:51,,"Nutifood chính thức đồng hành cùng đội tuyển bóng chuyền nữ TP.HCM với gói tài trợ trị giá 9,3 tỷ đồng, tiếp thêm động lực cho hành trình trở lại Giải vô địch quốc gia và khẳng định lại vị thế.Nguồn lực này sẽ góp phần củng cố đội hình thông qua việc chiêu mộ các vận động viên chất lượng, nâng cao chế độ đãi ngộ cho ban huấn luyện và tuyển thủ, đồng thời tài trợ toàn bộ trang phục thi đấu và tập luyện trong mùa giải 2026.Không dừng lại ở hỗ trợ tài chính, Nutifood còn mang đến hướng tiếp cận toàn diện về dinh dưỡng thể thao khi phối hợp cùng Viện Nghiên cứu Dinh dưỡng TP.HCM (NRI) triển khai các chương trình đào tạo chuyên sâu, giúp vận động viên tối ưu thể lực và hiệu suất thi đấu trong môi trường chuyên nghiệp.Với Nutifood, đồng hành không chỉ là tiếp sức về nguồn lực, mà còn là sự đầu tư dài hạn vào nền tảng phát triển bền vững nơi mỗi vận động viên có thể tự tin bứt phá và chinh phục những cột mốc mới.----------------NUTIFOOD - Giải pháp dinh dưỡng của chuyên gia🌐https://nutifood.com.vnhashtag#Nutifoodhashtag#NutifoodVietNam…xem thêm","https://media.licdn.com/dms/image/v2/D5622AQGfJVDpQAru8Q/feedshare-shrink_800/B56Z37Q1oZKMAc-/0/1778036988658?e=1782345600&v=beta&t=Dag0jIwibHrFnaoF0yCOkf7Vnp4p_h0FjOGj4zL3k0I, https://media.licdn.com/dms/image/v2/D5622AQGDAcKWl_8c-g/feedshare-shrink_800/B56Z37Q11kJwAg-/0/1778036989552?e=1782345600&v=beta&t=EnLpkyGX-UtDhtgbjKGFXbLfNxHKHV5JfhSDnd4Izt4, https://media.licdn.com/dms/image/v2/D5622AQEbVKC8OCzdoQ/feedshare-shrink_800/B56Z37Q10XIQAo-/0/1778036989422?e=1782345600&v=beta&t=e4dFDi5CCLZQ7CDm-dKiYzvtodpE0_hvSllMNqXsksc",,66,0,0
5,urn:li:activity:7452540390991237120,https://www.linkedin.com/feed/update/urn:li:activity:7452540390991237120,2026-04-22 09:14:50,,"GippsNature tiếp tục đồng hành cùng Taste of Australia 2026 tại TP.HCM, khẳng định chất lượng chuẩn Úc ngay tại thị trường Việt Nam.Taste of Australia là sự kiện thường niên uy tín do Tổng Lãnh sự quán Úc tại Việt Nam tổ chức, đóng vai trò cầu nối thúc đẩy hợp tác thương mại và giao lưu văn hóa giữa hai quốc gia. Việc góp mặt tại sự kiện không chỉ thể hiện sự hiện diện của các thương hiệu uy tín quốc tế mà còn là dấu mốc cho những bước tiến hợp tác thực chất giữa doanh nghiệp hai nước.Nếu như năm 2025 đánh dấu giai đoạn khởi đầu hợp tác giữa Nutifood và ViPlus Dairy, thì đến năm 2026, mối quan hệ này đã chính thức được hiện thực hóa thông qua việc ra mắt dòng sản phẩm sữa công thức pha sẵn đạm A2 hữu cơ chuẩn ACO từ Úc thuộc thương hiệu GippsNature tại Việt Nam. Sản phẩm được phát triển từ nguồn nguyên liệu hữu cơ giá trị cao cùng công thức dinh dưỡng được thiết kế chuyên biệt, mang đến thêm lựa chọn dinh dưỡng chất lượng quốc tế cho các gia đình Việt.Tại sự kiện, bà Sarah Hooper – đại diện Tổng Lãnh sự quán Úc tại Việt Nam cũng đã ghé thăm gian hàng, chia sẻ sự quan tâm và ghi nhận những nỗ lực hợp tác trong việc mang các sản phẩm dinh dưỡng chuẩn Úc đến gần hơn với người tiêu dùng Việt Nam.Sự hiện diện của GippsNature tại Taste of Australia 2026 tiếp tục khẳng định uy tín thương hiệu, đồng thời mở ra nhiều cơ hội hợp tác phát triển trong lĩnh vực dinh dưỡng, góp phần nâng cao chất lượng chăm sóc sức khỏe cộng đồng.hashtag#GippsNaturehashtag#Nutifoodhashtag#ViPlushashtag#OrganicA2----------------NUTIFOOD - Giải pháp dinh dưỡng của chuyên gia🌐https://nutifood.com.vnhashtag#Nutifoodhashtag#NutifoodVietNam","https://media.licdn.com/dms/image/v2/D5622AQGg_FOqnr8k-w/feedshare-shrink_800/B56Z2y9_X0GgAc-/0/1776824088276?e=1782345600&v=beta&t=5N6X-s0IuF9NfFlsUJTYzeTdRyeKJZPW-rxWudV4VrU, https://media.licdn.com/dms/image/v2/D5622AQGrHKtqpvObSg/feedshare-shrink_1280/B56Z2y9_YLI8AM-/0/1776824088333?e=1782345600&v=beta&t=cPfufVuRZJUxM9ppxjsbkeN_wVpRpSQvs6vaDNg4e2k, https://media.licdn.com/dms/image/v2/D5622AQGaPM5zeaZlHw/feedshare-shrink_1280/B56Z2y9_ZuI8AM-/0/1776824088414?e=1782345600&v=beta&t=NiZM3L3SFmxtqf7F4-ADJEylz9tOvhStf7ujnKGWEiw, https://media.licdn.com/dms/image/v2/D5622AQHz_LhK19W6Vg/feedshare-shrink_800/B56Z2y9_SuH4Ag-/0/1776824087956?e=1782345600&v=beta&t=fev2kqBZtgOtaZH7MtUCXsoz3B6Rnp1ky0VB6Y4iO2Q",,52,0,1
6,urn:li:activity:7450852631239122945,https://www.linkedin.com/feed/update/urn:li:activity:7450852631239122945,2026-04-17 17:28:17,,"Với mong muốn san sẻ nhiều hơn cùng cộng đồng, Nutifood đã đồng hành cùng Trung tâm Bảo trợ Người khuyết tật Hiệp Bình Chánh tổ chức Ngày hội “Hành trình yêu thương – Tự tin tỏa sáng”, mang đến không gian kết nối và sẻ chia cho gần 250 cô chú, anh chị đang được chăm sóc tại trung tâm.Trong dịp này, Nutifood trao tặng trang thiết bị phòng tập vật lý trị liệu trị giá 300 triệu đồng nhằm góp thêm điều kiện tập luyện tốt hơn, tiếp thêm động lực trên hành trình phục hồi và hòa nhập của các cô chú, anh chị tại đây.Với Nutifood, phụng sự cộng đồng luôn là một phần trong hành trình phát triển bền bỉ – bắt đầu từ những hành động thiết thực, chân thành và lâu dài. Chúng tôi tin rằng khi cùng chung tay lan tỏa sự quan tâm và yêu thương, sẽ có thêm nhiều cơ hội để những hoàn cảnh kém may mắn tự tin hơn trên hành trình vươn lên trong cuộc sống.----------------NUTIFOOD - Giải pháp dinh dưỡng của chuyên gia🌐https://nutifood.com.vnhashtag#Nutifoodhashtag#NutifoodVietNam","https://media.licdn.com/dms/image/v2/D5622AQF_M1Rtn8t75g/feedshare-shrink_800/B56Z2a..uEKMAc-/0/1776421694552?e=1782345600&v=beta&t=Lhu-c0vvLBGbnXs2GqCxYHua-GOmlJ-HIVvptmO89aw, https://media.licdn.com/dms/image/v2/D5622AQEmmc28YXTh0g/feedshare-shrink_800/B56Z2a..35HgAg-/0/1776421695196?e=1782345600&v=beta&t=xNqL9OuI0MVDwLU35UT1H_YzmDHBWuyPnzKSH9xrsas, https://media.licdn.com/dms/image/v2/D5622AQFRomsTdrCIag/feedshare-shrink_800/B56Z2a..24KQAc-/0/1776421695150?e=1782345600&v=beta&t=n4PLO7vI62yIubPdj5ixYTvLVUH5WDVRWQyszl4YkIg, https://media.licdn.com/dms/image/v2/D5622AQElTsKaXHqz6g/feedshare-shrink_800/B56Z2a..r6IsAc-/0/1776421694425?e=1782345600&v=beta&t=2mJLlV4e0sHBRq35ybNeODBBpHzv2rIFOM8ArD7p5xY",,47,1,1
7,urn:li:activity:7447928162384125952,https://www.linkedin.com/feed/update/urn:li:activity:7447928162384125952,2026-04-09 15:47:29,,"Hướng đến Ngày Sức khỏe Thế giới,  tuần qua Nutifood đã triển khai các hoạt động ý nghĩa dành cho người cao tuổi và bệnh nhi có hoàn cảnh khó khăn tại khu vực TP. Hồ Chí Minh.Ngày 05/04, Nutifood phối hợp cùng Bệnh viện Nguyễn Tri Phương tổ chức chương trình khám sàng lọc, tầm soát bệnh lý chuyên khoa miễn phí cho người cao tuổi tại phường An Đông, đồng thời trao tặng 200 phần quà dinh dưỡng thiết thực. Đây là một trong những hoạt động tiếp nối nỗ lực của Nutifood trong việc góp phần nâng cao thể trạng và chất lượng sống cho cộng đồng.Song song đó, chương trình “ATM Sữa” tiếp tục được triển khai tại Bệnh viện Ung Bướu TP. HCM, mang đến nguồn sữa dinh dưỡng miễn phí mỗi ngày cho các bệnh nhi nội trú. Mỗi ly sữa được trao đi không chỉ là sự hỗ trợ về dinh dưỡng, mà còn là lời động viên, sẻ chia và niềm hy vọng Nutifood mong muốn gửi đến các em cùng gia đình trên hành trình điều trị nhiều thử thách phía trước.Với Nutifood, dinh dưỡng không chỉ là sản phẩm, mà còn là cam kết đồng hành bền bỉ vì một Việt Nam khỏe mạnh hơn.----------------NUTIFOOD - Giải pháp dinh dưỡng của chuyên gia🌐https://nutifood.com.vnhashtag#Nutifoodhashtag#NutifoodVietNam","https://media.licdn.com/dms/image/v2/D5622AQFTNCr8_NyXIA/feedshare-shrink_800/B56Z1xbMhtGwAc-/0/1775724448073?e=1782345600&v=beta&t=2JJIv8pTGXrEnPfLXRi2fjzpKyDu3JetMvc2_C7MGYg, https://media.licdn.com/dms/image/v2/D5622AQGDPB2xWK9VaA/feedshare-shrink_800/B56Z1xbMgvHAAc-/0/1775724448001?e=1782345600&v=beta&t=P2QJYcR8OxWcs4bFkOpcrOJaAdWSAnZUW7z3N9a_Bww, https://media.licdn.com/dms/image/v2/D5622AQF61ftKlx8JwA/feedshare-shrink_800/B56Z1xbMEoGgAg-/0/1775724446222?e=1782345600&v=beta&t=feR4ho5RXyclM7wwz6E3h90papCLelhqSnW17MJ4O_0, https://media.licdn.com/dms/image/v2/D5622AQHQGpAWtHpyTA/feedshare-shrink_800/B56Z1xbMkzIUAc-/0/1775724448266?e=1782345600&v=beta&t=s3aLszKOko_EQQGp1tS0DqIVlcXc9HpHttCKeZjby4w",,41,0,2
8,urn:li:activity:7443873077161263104,https://www.linkedin.com/feed/update/urn:li:activity:7443873077161263104,2026-03-29 11:14:02,,"CHÚC MỪNG 26 NĂM HÀNH TRÌNH NUTIFOOD – 26 NĂM NÂNG TẦM VÓC VIỆT26 năm – một hành trình đủ dài để vun đắp niềm tin, đủ bền bỉ để khẳng định một sứ mệnh: đáp ứng nhu cầu dinh dưỡng chuyên biệt cho từng đối tượng và độ tuổi, dinh dưỡng hàng ngày cho mọi gia đình.Từ những ngày đầu tiên còn nhiều thử thách, Nutifood đã kiên định theo đuổi con đường của mình – đặt người tiêu dùng làm trung tâm, đặt chất lượng làm nền tảng, và đặt trách nhiệm với cộng đồng làm kim chỉ nam phát triển. Mỗi sản phẩm ra đời không chỉ là kết quả của nghiên cứu khoa học dinh dưỡng, mà còn là tâm huyết của cả một tập thể mong muốn góp phần nâng cao thể chất cho các thế hệ Việt Nam.Trên hành trình 26 năm ấy, điều quý giá nhất mà Nutifood có được chính là sự tin yêu và đồng hành của người tiêu dùng Việt. Đó không chỉ là sự lựa chọn, mà còn là sự gửi gắm niềm tin — để Nutifood có thêm động lực bền bỉ theo đuổi sứ mệnh của mình mỗi ngày.Nhân dịp kỷ niệm 26 năm thành lập, Nutifood xin gửi lời tri ân sâu sắc và chân thành nhất đến Quý khách hàng, đối tác và tất cả những người đã luôn tin tưởng, đồng hành cùng Nutifood suốt chặng đường vừa qua. Chính sự yêu thương ấy là nguồn động lực để Nutifood tiếp tục nỗ lực nhiều hơn nữa trên hành trình nâng tầm dinh dưỡng Việt.Hành trình phía trước vẫn còn nhiều ước mơ cần thực hiện. Nhưng với tâm huyết – trách nhiệm – khát vọng phụng sự cộng đồng, Nutifood sẽ tiếp tục vững bước, để mỗi sản phẩm trao đi không chỉ là dinh dưỡng, mà còn là sự chăm sóc từ trái tim dành cho người Việt.Một lần nữa, Chúc mừng Nutifood 26 năm – tiếp tục vững bước vì một Việt Nam khỏe mạnh hơn!----------------NUTIFOOD - Giải pháp dinh dưỡng của chuyên gia🌐https://nutifood.com.vnhashtag#Nutifoodhashtag#NutifoodVietNam…xem thêm","https://media.licdn.com/dms/image/v2/D5622AQFEUVJjCBs9rQ/feedshare-shrink_800/B56Z03zGfMHoAA-/0/1774757636351?e=1782345600&v=beta&t=OWpp8moSgP9PcIXaGl8FcUd5Cnwa8DwlKiSA468ax1A, https://media.licdn.com/dms/image/v2/D5622AQFjEJycjAPlBQ/feedshare-shrink_800/B56Z03zGdNH0Ac-/0/1774757636170?e=1782345600&v=beta&t=_71MRaAa9FpM10swdgPiY_EYRBpE9wlDNX8GooD-iSA, https://media.licdn.com/dms/image/v2/D5622AQHxLgqgxHciBg/feedshare-shrink_800/B56Z03zHWPJkAc-/0/1774757640256?e=1782345600&v=beta&t=h3ppW2EaxZRPPV1yOZayBLBX94WrmMYf4FYJeiTGatc",,78,1,3
9,urn:li:activity:7440211542723424256,https://www.linkedin.com/feed/update/urn:li:activity:7440211542723424256,2026-03-19 08:44:24,,"Đoàn doanh nghiệp Nông Nghiệp Australia thăm Nutifood, thúc đẩy hợp tác chiến lượcChiều 18/3, Nutifood vinh dự đón tiếp đoàn doanh nghiệp nông nghiệp từ Australia đến thăm và làm việc, nhằm mở rộng hợp tác trong lĩnh vực dinh dưỡng và nông nghiệp công nghệ cao.Đoàn do Mr.Chris Morley – Tham tán Thương mại và Đầu tư Australia dẫn đầu, cùng đại diện nhiều tổ chức và doanh nghiệp tiêu biểu trong hệ sinh thái nông nghiệp – đầu tư của Australia.Tại buổi làm việc, ông Trần Bảo Minh - Phó Chủ tịch HĐQT Nutifood nhấn mạnh mối quan hệ hợp tác ngày càng phát triển giữa Nutifood và các đối tác Australia, nổi bật với liên doanh ViPlus Nutritional Australia và thương hiệu GippsNature.Trong bối cảnh thu nhập và chất lượng sống tại Việt Nam ngày càng nâng cao, nhu cầu đối với các sản phẩm dinh dưỡng chất lượng cao, nguồn gốc minh bạch cũng gia tăng. Đây được xem là cơ hội lớn để thúc đẩy hợp tác, đặc biệt với các sản phẩm nông nghiệp sạch, hữu cơ từ Australia.hashtag#Nutifoodhashtag#AustraliaVietnamhashtag#Nutritionhashtag#HighTechAgriculture","https://media.licdn.com/dms/image/v2/D5622AQER5Uv_HHyG_g/feedshare-shrink_800/B56Z0Dw.CjJsAc-/0/1773884662138?e=1782345600&v=beta&t=iSXSm2nMLtT3n6Osg4XjeH1NmJiSPmdiP9iRpevtvmo, https://media.licdn.com/dms/image/v2/D5622AQGD2Zz0LpzDEg/feedshare-shrink_800/B56Z0Dw.GMJkAg-/0/1773884662398?e=1782345600&v=beta&t=XqC77qv8r24sQXRLKoActSeokjoMUetsXPyysvfYdGg",,66,3,0
10,urn:li:activity:7436309924466475010,https://www.linkedin.com/feed/update/urn:li:activity:7436309924466475010,2026-03-08 14:20:45,,"🌸 Happy International Women’s Day – 8/3 🌸Tại Nutifood, chúng tôi luôn tin rằng mỗi người phụ nữ đều mang trong mình những giá trị đặc biệt – sự tận tâm, bản lĩnh và nguồn cảm hứng tích cực cho tập thể. Chính những điều đó đã góp phần tạo nên một môi trường làm việc nhân văn, nơi mọi cá nhân được tôn trọng, ghi nhận và phát triển.Không chỉ trong công việc hằng ngày, Nutifood luôn trân trọng và tri ân những đóng góp của các chị em thông qua những dịp đặc biệt, như một lời cảm ơn chân thành đến sự tận tâm, nỗ lực và những giá trị tích cực mà các chị em đã góp phần tạo nên cho đại gia đình Nutifood.Nhân Ngày Quốc tế Phụ nữ 8/3, Nutifood xin gửi lời chúc tốt đẹp nhất đến tất cả những người phụ nữ tuyệt vời. Chúc bạn luôn rạng rỡ, hạnh phúc, tràn đầy năng lượng và tiếp tục tỏa sáng theo cách riêng của mình.💐 Cảm ơn các chị em vì đã luôn là nguồn cảm hứng cho gia đình, đồng nghiệp và cộng đồng.hashtag#InternationalWomensDayhashtag#Nutifoodhashtag#WomenAtWorkhashtag#Gratitude…xem thêm","https://media.licdn.com/dms/image/v2/D5622AQHxtxRGJwoPoA/feedshare-shrink_800/B56ZzMUcSsKMAc-/0/1772954437388?e=1782345600&v=beta&t=VbzajbQGrWjBKiHyLTSNsR_9qfTBnvM7LL4sZ8mHx7k, https://media.licdn.com/dms/image/v2/D5622AQEtUJSrusL2LA/feedshare-shrink_800/B56ZzMUdf5KUAc-/0/1772954444204?e=1782345600&v=beta&t=XJu5uFr_L7PCpqwwX2t9rdIsnART1Dquub7CwT-3eSM, https://media.licdn.com/dms/image/v2/D5622AQH1JEq0GJ5svw/feedshare-shrink_800/B56ZzMUc27HAAc-/0/1772954439804?e=1782345600&v=beta&t=_17z1N0KxKp1iFcnYa9tGIhf5FUDWNCijStUpZS7oyU, https://media.licdn.com/dms/image/v2/D5622AQEEQvabFebmlw/feedshare-shrink_800/B56ZzMUdNTHoAc-/0/1772954441136?e=1782345600&v=beta&t=czmH1z-EzpO3fR_4-FWHRdhsv2hs7DcN8vdMGkVAI7g",,92,3,2
11,urn:li:activity:7432989928990470144,https://www.linkedin.com/feed/update/urn:li:activity:7432989928990470144,2026-02-27 10:28:17,,"TOP NHỮNG ĐỊA ĐIỂM HẸN HÒ 08/03 DÂN TÌNH ĐANG RỈ TAI NHAUTOP 1 GỌI TÊN YEPO08/03 này, nếu Sen đang tìm một chỗ hẹn hò vừa vui, vừa dễ thương lại đủ wow thì YEPO chính là cái tên Top 1 server tại Sài Thành đó nha!Vì sao YEPO luôn có mặt trong list hẹn hò 08/03?Vì tới YEPO là có ngay combo hẹn hò đúng gu giới trẻ:Gặp đủ mặt 15 bé cún idol toàn năng, những con tướng cực đáng yêu của nhà YEPOKhông gian mới toanh, nhiều góc check-in lên hình đỉnh của chópThoải mái vui chơi, tương tác và chụp hình cùng các bé cún siêu đáng yêuThưởng thức menu kem “độc quyền” nhà YEPO, vừa ăn kem mát lạnh, vừa ngồi chơi chill chillDịp 08/03 này, nếu Sen chưa biết hẹn nhau ở đâu cho nhẹ nhàng mà vẫn vui thì ghé YEPO thử nha. Tụi mình đang chuẩn bị mọi thứ thật chỉn chu, chỉ còn chờ Sen ghé chơi để hoàn thành một buổi hẹn đúng nghĩa thôi đó----------------------------------TOP DATE SPOTS FOR 08/03 THAT EVERYONE’S BEEN WHISPERING ABOUTAND YES… TOP 1 GOES TO YEPOIf you’re looking for a date spot this March 8 that’s fun, cute, and just the right amount of wow - YEPO is officially a Top 1 pick in Saigon right now.So why is YEPO on everyone’s 08/03 date list?Because coming here = the perfect Gen Z dating combo:Meet all 15 of our superstar doggo idols - cute, playful, and full of personalityBrand-new space with tons of aesthetic photo cornersChill, play, and take photos with the pups as much as you likeEnjoy YEPO’s exclusive ice cream menu while hanging out togetherThis March 8, if you’re still thinking “where should we go?” and want something cozy but still fun, come by YEPO.We’ve prepared everything with love - just waiting for you to show up and complete the perfect date----------------------------------YEPO Dog & Ice CreamĐịa chỉ: 237 Bến Vân Đồn, Phường Vĩnh Hội, HCMHotline: 0961229449Giờ mở cửa: 10am-9pm…xem thêm","https://media.licdn.com/dms/image/v2/D5622AQFL9EzaFCCtdw/feedshare-shrink_800/B56ZydI8ypIIAg-/0/1772162895498?e=1782345600&v=beta&t=htIUJhG_OxFh4iQyILcNkzhamryZXAyqTMbXbCJyYzw, https://media.licdn.com/dms/image/v2/D5622AQHFcdkYH9rL9A/feedshare-shrink_800/B56ZydI80yKEAk-/0/1772162895708?e=1782345600&v=beta&t=0G-Ugu5x-Jvre-Mwn53S2T4vmvnIYQEeHCGkvTTeDy8, https://media.licdn.com/dms/image/v2/D5622AQGF16HeBHuPpA/feedshare-shrink_800/B56ZydI8yVHgAg-/0/1772162895538?e=1782345600&v=beta&t=LgrooJ6YdIFRcwpFfvW2fUb7UvT9wcIxTt4u9tL1euk, https://media.licdn.com/dms/image/v2/D5622AQGnjMw192cGew/feedshare-shrink_800/B56ZydI80jHUAg-/0/1772162895705?e=1782345600&v=beta&t=-68XO8ELCooVsV66B1hUQsWbnl3WQaaI9GZcoAG14Xk",,40,0,2
12,urn:li:activity:7415817093364830208,https://www.linkedin.com/feed/update/urn:li:activity:7415817093364830208,2026-01-11 01:09:34,,"😍🥰Xin chúc mừng 4 chàng trai của Học viện Bóng đá Nutifood: Phạm Lý Đức, Nguyễn Quốc Việt, Nguyễn Nhật Minh và Nguyễn Thái Quốc Cường đều ra sân thi đấu, cống hiến hết mình và góp công vào chiến thắng 2–1 đầy cảm xúc của U23 Việt Nam trước U23 Kyrgyzstan tại lượt trận thứ 2 giải U23 châu Á.🇻🇳🇻🇳🇻🇳🇻🇳🇻🇳🇻🇳🇻🇳⚽️⚽️⚽️Những bước chạy quả cảm, tinh thần chiến đấu không ngừng nghỉ của các em chính là niềm tự hào của Học viện Bóng đá Nutifood và người hâm mộ. Chúc U23 Việt Nam tiếp tục bản lĩnh, tự tin và tiến xa hơn nữa! 💪⚽🇻🇳…xem thêm","https://media.licdn.com/dms/image/v2/D5622AQE6cbOLHZCYtQ/feedshare-shrink_800/B56ZupGWAyI0Ag-/0/1768068572098?e=1782345600&v=beta&t=h55PH-QJgPqLgompN0MB73m_8IZV6mrgXu_yzxiy4Qk, https://media.licdn.com/dms/image/v2/D5622AQGh1Wmsy09JIw/feedshare-shrink_1280/B56ZupGWA7GwAs-/0/1768068572101?e=1782345600&v=beta&t=bW6XyCSSx0lU76MQBr41ZFpI_93_7-NeVzptiTlzXkY",,30,0,1
13,urn:li:activity:7414518314439352320,https://www.linkedin.com/feed/update/urn:li:activity:7414518314439352320,2026-01-07 11:08:41,,"Tự hào quá U23 Việt Nam ơi!Tự hào các cầu thủ Lý Đức, Nhật Minh, Quốc Việt – đại diện của Học viện Bóng đá Nutifood!Cảm ơn các chiến binh sao vàng đã thi đấu quả cảm, hết mình vì màu cờ sắc áo và giành chiến thắng thuyết phục 2–0 trước đội bóng mạnh Jordan tại vòng chung kết U23 châu Á.NUTIFOOD - Giải pháp dinh dưỡng của chuyên gia----------------🌐https://nutifood.com.vnhashtag#Nutifoodhashtag#NutifoodVietNamhashtag#NutifoodJMGhashtag#Nutimilk…xem thêm","https://media.licdn.com/dms/image/v2/D5622AQF0RPk3KvV10w/feedshare-shrink_800/B56ZuWpFHnKgAg-/0/1767758916775?e=1782345600&v=beta&t=m8SpH2il57SQyVHc-KyLjeUc_yo42bbJIq8Ca30hfu8, https://media.licdn.com/dms/image/v2/D5622AQGtku3FhM7KJQ/feedshare-shrink_800/B56ZuWpFGhJIAg-/0/1767758919070?e=1782345600&v=beta&t=E5yuf860LWAfz7sWDaaA24H7f3b-CORUQ19AswVSTW0, https://media.licdn.com/dms/image/v2/D5622AQGYwz-ZtgyBQA/feedshare-shrink_800/B56ZuWpFGyJgAk-/0/1767758914384?e=1782345600&v=beta&t=xr_WVPdpqh-BAUAxbvPRmzwkrA6WyJUT21CujtgKPio",,33,0,2
14,urn:li:activity:7408720425112858625,https://www.linkedin.com/feed/update/urn:li:activity:7408720425112858625,2025-12-22 11:09:56,,"VIỆT NAM VÔ ĐỊCHVIỆT NAM VÔ ĐỊCHChúc mừng các cầu thủ Học viện Bóng Đá Nutifood: Phạm Lý Đức, Nguyễn Nhật Minh, Nguyễn Quốc Việt và Nguyễn Thái Quốc Cường đều ra sân và góp công vào chiếc HCV SEA Games 33----------------NUTIFOOD - Giải pháp dinh dưỡng của chuyên gia🌐https://nutifood.com.vnhashtag#Nutifoodhashtag#NutifoodVietNam…xem thêm","https://media.licdn.com/dms/image/v2/D5622AQGxSVZBa3W4Nw/feedshare-shrink_800/B56ZtEP9PsLEAk-/0/1766376594704?e=1782345600&v=beta&t=lq74quOKHdtgSvAsZy4RcSJW_vTwNI_g2akdSsni4Po, https://media.licdn.com/dms/image/v2/D5622AQFE44oLULM73A/feedshare-shrink_800/B56ZtEP9P2HkAg-/0/1766376594187?e=1782345600&v=beta&t=sYh32-7fRwQHSHP_7H0GDn3rGXBMr4p5E9E8u0mx1MA, https://media.licdn.com/dms/image/v2/D5622AQFJTaA__1mOoA/feedshare-shrink_800/B56ZtEP9PpJsAg-/0/1766376594387?e=1782345600&v=beta&t=TSIUsbcmbPiR-BDpFo9S6V_kDoUXZlDyfgJCSSb1CqM",,27,1,0
15,urn:li:activity:7455520978022973440,https://www.linkedin.com/feed/update/urn:li:activity:7455520978022973440,2026-04-30 14:38:38,,"30/4 gợi nhắc về hành trình kiên cường và những đóng góp to lớn của các thế hệ đi trước – những con người đã cùng nhau tạo nên dấu mốc vẻ vang trong lịch sử dân tộc, đưa đất nước đến với hòa bình và thống nhất.Những giá trị được hun đúc qua bao thế hệ không chỉ là niềm tự hào, mà còn trở thành nguồn động lực để các thế hệ hôm nay tiếp tục nỗ lực, chung tay xây dựng một Việt Nam ngày càng mạnh mẽ, vững vàng và giàu tiềm năng trong tương lai.Tiếp nối tinh thần ấy, Nutifood bền bỉ theo đuổi khát vọng nâng tầm giá trị dinh dưỡng cho người Việt. Mỗi sản phẩm không chỉ là kết quả của quá trình nghiên cứu và cải tiến liên tục, mà còn là cam kết mang đến chất lượng ngày càng hoàn thiện hơn, góp phần nâng cao thể trạng và sức khỏe cộng đồng.Trên hành trình phát triển, Nutifood kiên định theo đuổi mục tiêu đưa sản phẩm Việt chinh phục các tiêu chuẩn quốc tế, từng bước khẳng định vị thế thương hiệu Việt trên thị trường toàn cầu. Đó không chỉ là hành trình của một doanh nghiệp, mà còn là niềm tự hào khi giá trị Việt được lan tỏa mạnh mẽ hơn ra thế giới.----------------NUTIFOOD - Giải pháp dinh dưỡng của chuyên gia🌐https://nutifood.com.vnhashtag#Nutifoodhashtag#NutifoodVietNam…xem thêm",https://media.licdn.com/dms/image/v2/D5622AQEvJZ1oyZR0jw/feedshare-shrink_800/B56Z3dU0mBH4Ac-/0/1777534716577?e=1782345600&v=beta&t=OGZbfUCV3srnCbpt1TqWRCiCnT0ZFNU5Qjt-fXPuLx0,,22,1,0
16,urn:li:activity:7398930073766055936,https://www.linkedin.com/feed/update/urn:li:activity:7398930073766055936,2025-11-25 10:46:35,,"Nutifood được vinh danh Doanh nghiệp có nhiều đóng góp tiêu biểu cho phong trào thi đua yêu nước Hội Chữ thập đỏ Việt Nam giai đoạn 2020-2025Sáng ngày 23/11 vừa qua tại Hà Nội, trong khuôn khổ Đại hội Thi đua yêu nước toàn quốc lần thứ VI giai đoạn 2025 – 2030 do Hội Chữ thập đỏ Việt Nam tổ chức, Nutifood đã vinh dự nhận giải thưởng Doanh nghiệp có nhiều đóng góp tiêu biểu cho phong trào thi đua yêu nước giai đoạn 2020-2025.Trong 25 năm phát triển, Nutifood luôn kiên định với sứ mệnh nâng chuẩn sức khỏe người Việt và thực hiện nhiều chương trình an sinh như hỗ trợ thiết bị y tế, tặng sữa trong đại dịch, xây dựng trường học và đóng góp hơn 100 tỷ đồng mỗi năm cho các hoạt động cộng đồng, cùng những công trình có giá trị lâu dài như cầu đi bộ 1.000 tỷ đồng qua sông Sài Gòn.Những năm gần đây, Nutifood tiếp tục đồng hành cùng Hội Chữ thập đỏ Việt Nam với tổng giá trị tài trợ khoảng 200 tỷ đồng thông qua các chương trình thiết thực như tặng hồ bơi dạy bơi miễn phí, trao học bổng và hỗ trợ dinh dưỡng cho người yếu thế.Những nỗ lực này thể hiện tâm huyết của tập thể Nutifood trong việc đóng góp cho cộng đồng và lan tỏa giá trị nhân ái trên khắp cả nước.----------------NUTIFOOD - Giải pháp dinh dưỡng của chuyên gia🌐https://nutifood.com.vnhashtag#Nutifoodhashtag#NutifoodVietNam…xem thêm","https://media.licdn.com/dms/image/v2/D4D22AQHQPn4oNs06ug/feedshare-shrink_800/B4DZq5Hr8sIkAk-/0/1764042393137?e=1782345600&v=beta&t=6V1BIWECp0G3C8jxCBxw4Rj5aF0r2Ukr1D2e0Ng-7hA, https://media.licdn.com/dms/image/v2/D4D22AQGkwFVOBa23Aw/feedshare-shrink_800/B4DZq5Hr.DIEAg-/0/1764042393031?e=1782345600&v=beta&t=8kG7eOxgWV9Ey4-oR1ITZH0Mlvq3o2BgN4iG50Zk-WM, https://media.licdn.com/dms/image/v2/D4D22AQE8zEblo7qLKA/feedshare-shrink_800/B4DZq5Hr82KQAg-/0/1764042393305?e=1782345600&v=beta&t=ZwGDBdBdtjue50sfsgI2gVqKM4MdYeDBeZIkmH01Bvg, https://media.licdn.com/dms/image/v2/D4D22AQHIyY6qPM9Hew/feedshare-shrink_800/B4DZq5Hr99JIAg-/0/1764042392837?e=1782345600&v=beta&t=9eDAvPbSoG_2HhRZFlLwNYsh3_2h6ZnzE61PRVqIh0Q",,31,1,0
17,urn:li:activity:7397462129303298048,https://www.linkedin.com/feed/update/urn:li:activity:7397462129303298048,2025-11-21 09:33:29,,"Nutifood chính thức góp mặt trong TOP 100 Nơi làm việc tốt nhất Việt Nam 2025Tối 19/11, Nutifood được xướng tên tại lễ trao giải Anphabe, đứng Top 9 ngành hàng tiêu dùng và Top 18 toàn quốc trong nhóm doanh nghiệp lớn.Một cột mốc đẹp cho hành trình 25 năm bền bỉ mang những sản phẩm dinh dưỡng chất lượng đến cho cộng đồng và chung tay xây dựng một môi trường làm việc tích cực, hiệu quả và đầy năng lượng.Chúng tôi liên tục đổi mới như ứng dụng AI trong công việc, nâng cao phúc lợi, mở phòng tư vấn tâm lý, phát triển hoạt động gắn kết từ teambuilding đến thể thao, để mỗi nhân viên đều được chăm lo trọn vẹn.Không chỉ hướng đến sự phát triển nội bộ, Nutifood còn nỗ lực đóng góp cho cộng đồng. Từ việc tài trợ toàn bộ kinh phí 1000 tỷ đồng xây dựng cây cầu đi bộ qua sông Sài Gòn như một lời tri ân gửi đến người tiêu dùng, đến các chương trình thiện nguyện dành cho trẻ em và những hoàn cảnh khó khăn trên khắp cả nước. Chúng tôi tin rằng một doanh nghiệp tốt phải tạo ra giá trị tốt cho xã hội.Giải thưởng này là lời khẳng định: Nutifood không chỉ là nơi làm việc, mà đang trở thành “ngôi nhà thứ hai”, nơi mỗi thành viên được lắng nghe, được phát triển và được hạnh phúc thật sự.Hành trình phía trước còn dài và chúng tôi háo hức viết tiếp câu chuyện tốt đẹp này cùng nhau.----------------NUTIFOOD - Giải pháp dinh dưỡng của chuyên gia🌐https://nutifood.com.vnhashtag#Nutifoodhashtag#NutifoodVietNam…xem thêm","https://media.licdn.com/dms/image/v2/D5622AQG_B2FivVKhZQ/feedshare-shrink_800/B56ZqkQl97JUAg-/0/1763692407136?e=1782345600&v=beta&t=olM-jPPGWCucMtpk-o7ZI0ruAbs_Viq1SA0IND-6jmQ, https://media.licdn.com/dms/image/v2/D5622AQHYQAV64bwRqw/feedshare-shrink_800/B56ZqkQl9FJQAg-/0/1763692406707?e=1782345600&v=beta&t=QoGw83H3qlKNeUHauDUxjnqE9ixeZigWVkeXZb6d6Es, https://media.licdn.com/dms/image/v2/D5622AQH97IH-TijZEg/feedshare-shrink_800/B56ZqkQl9xH8Ag-/0/1763692407845?e=1782345600&v=beta&t=DnrtqNy_al28cctXd72BZtXDlzm2Iu3xJkINw019b5M, https://media.licdn.com/dms/image/v2/D5622AQEchFtLymzCsQ/feedshare-shrink_800/B56ZqkQl9YJwAk-/0/1763692407231?e=1782345600&v=beta&t=oFb0ajMfyJKMuoV-tZwzVO4ZYSCMLTCBBEU4MiA6yxQ",,96,1,2
18,urn:li:activity:7396042310074945536,https://www.linkedin.com/feed/update/urn:li:activity:7396042310074945536,2025-11-17 11:31:38,,"Nutifood hướng về miền Trung, chung tay để mái nhà sau bão sớm sáng đèn trở lạiMiền Trung những ngày này vẫn còn đầy ngổn ngang sau cơn bão Kalmaegi (bão số 13). Riêng Gia Lai (Bình Định cũ) đã có rất nhiều căn nhà bị sập, mái tôn bị thổi bay, nhiều gia đình đứng trước nguy cơ không kịp có chỗ ở an toàn trước Tết.Trước những khó khăn ấy, Thủ tướng đã kêu gọi cả nước “ai có gì giúp nấy”, để người dân sớm dựng lại mái ấm, ổn định cuộc sống.Hưởng ứng lời kêu gọi đầy nhân văn đó, ngay chiều nay, đại diện Nutifood đã có mặt tại Uỷ Ban Mặt trận Tổ quốc Việt Nam tỉnh Gia Lai để ủng hộ 10 tỷ đồng tiền mặt đến tỉnh nhà, góp phần giúp bà con khôi phục nhà cửa, ổn định tinh thần.Buổi lễ trao tặng có sự tham dự của Uỷ viên Trung ương Đảng - Phó Thủ tướng Chính phủ Hồ Quốc Dũng, minh chứng cho sự đồng lòng giữa Chính phủ và doanh nghiệp trong lúc khó khăn nhất. Ngoài ra, còn có những chủ shop, đối tác lớn của Nutifood chứng kiến giây phút xúc động nàyCầu chúc miền Trung sớm hồi sinh, bà con sớm vượt qua khó khăn này!Mời các Nutier xem qua những khoảnh khắc đặc biệt chiều hôm nay và lời tâm tình của đối tác Nutifood.----------------NUTIFOOD - Giải pháp dinh dưỡng của chuyên gia🌐https://nutifood.com.vnhashtag#Nutifoodhashtag#NutifoodVietNam…xem thêm","https://media.licdn.com/dms/image/v2/D5622AQGUubgBLVBgTA/feedshare-shrink_800/B56ZqQFSC1IsAo-/0/1763353896618?e=1782345600&v=beta&t=WXP_AYYYMqrUJ6myKqNr9QhLA_HlIl8e8VX7TEGCvR4, https://media.licdn.com/dms/image/v2/D5622AQGhh6I-XWpxdg/feedshare-shrink_800/B56ZqQFSCxJUAg-/0/1763353896595?e=1782345600&v=beta&t=uznG5ifTWL6q8KbNUP9djIEDokit1JKhWi1BXq36QuI",,14,0,0
19,urn:li:activity:7396042593798668288,https://www.linkedin.com/feed/update/urn:li:activity:7396042593798668288,2025-11-17 11:32:46,,"Nghĩa tình Nutier giữa lúc kho máu dự trữ TP.HCM giảm 50%Khi TP.HCM đang cần máu hơn bao giờ hết, Nutier đã sẵn sàng xắn tay áo, biến tinh thần “đồng hành cùng cộng đồng” thành hành động cụ thể. Gần 150 đơn vị máu được trao đi trong Ngày hội Hiến máu tình nguyện 2025, minh chứng cho sức mạnh tập thể và trái tim nhân ái của đại gia đình Nutifood.Một thông tin mới nhất từ Bệnh viện Truyền máu Huyết học TP.HCM, kho máu của bệnh viện hiện chỉ còn khoảng 6.000 túi, trong khi mức an toàn cần đạt 10.000-12.000 túi để đáp ứng nhu cầu cấp cứu và điều trị.Trong bối cảnh nguồn máu khan hiếm, gần 150 đơn vị máu do các Nutier hiến tặng trong Ngày hội Hiến máu tình nguyện 2025 sẽ trở nên vô cùng quý giá, góp phần mang lại cơ hội sống cho nhiều bệnh nhân đang cần được tiếp thêm hy vọng.Đại diện Ban Chỉ đạo Vận động Hiến máu tình nguyện phường Khánh Hội cho biết số máu tiếp nhận hôm nay có thể hỗ trợ điều trị cho khoảng 450 người đang cần truyền máu, đó là một con số vô cùng ý nghĩa.----------------NUTIFOOD - Giải pháp dinh dưỡng của chuyên gia🌐https://nutifood.com.vnhashtag#Nutifoodhashtag#NutifoodVietNam…xem thêm","https://media.licdn.com/dms/image/v2/D5622AQFLwv6Z8vevfw/feedshare-shrink_800/B56ZqQFhfPHkAg-/0/1763353961499?e=1782345600&v=beta&t=mLUrBQ4xPGpJdn_36cfzOXrQ1qu5w4wsvHJc6bwCTZ0, https://media.licdn.com/dms/image/v2/D5622AQGmBQhE0psx0Q/feedshare-shrink_800/B56ZqQFhfUJoAg-/0/1763353961491?e=1782345600&v=beta&t=Ehl4TmVwUCzWacRmCynm4GP1K6m02yjZaqjCCgyBUX8, https://media.licdn.com/dms/image/v2/D5622AQG26LQPrBlzYA/feedshare-shrink_800/B56ZqQFhfuHYAg-/0/1763353964100?e=1782345600&v=beta&t=INYbpuwhe1_KulkXhnQR6aag77_USQgk9qrgCMLvbsA, https://media.licdn.com/dms/image/v2/D5622AQHpq7bVmEGunQ/feedshare-shrink_800/B56ZqQFhfcJ4Ag-/0/1763353964036?e=1782345600&v=beta&t=yNxqq6qfG5zbHtpJV05VwZag8AEt6jbPNi8HJQz54UU",,43,0,0
20,urn:li:activity:7395025918387425282,https://www.linkedin.com/feed/update/urn:li:activity:7395025918387425282,2025-11-14 16:12:51,,"NUTIFOOD ĐÓN TIẾP BỘ TRƯỞNG DANNY PEARSON – ĐÁNH DẤU BƯỚC HỢP TÁC CHIẾN LƯỢC 🇻🇳 🇦🇺Ngày 10/11/2025, Nutifood vinh dự đón tiếp Nghị sĩ Danny Pearson – Bộ trưởng Phát triển Kinh tế & Việc làm kiêm Bộ trưởng Tài chính Bang Victoria (Australia) tại trụ sở TP. Hồ Chí Minh. Chuyến thăm thể hiện sự quan tâm của Chính quyền Bang Victoria đối với mô hình hợp tác giữa Nutifood và ViPlus Dairy trong lĩnh vực dinh dưỡng chất lượng cao.Tại buổi làm việc, ông Trần Bảo Minh – Phó Chủ tịch HĐQT Nutifood đã giới thiệu về hành trình hai bên đồng sáng lập liên doanh ViPlus Nutritional Australia và phát triển thương hiệu dinh dưỡng toàn cầu GippsNature. Ra mắt tại Việt Nam từ tháng 10/2025, GippsNature nhanh chóng tạo ấn tượng nhờ tiêu chuẩn quốc tế, nguồn nguyên liệu hữu cơ từ Gippsland và triết lý dinh dưỡng “thuận tự nhiên” của Úc.Bộ trưởng Danny Pearson đánh giá cao liên doanh này như một hình mẫu hợp tác kinh tế bền vững, góp phần thúc đẩy thương mại song phương và mở ra cơ hội phát triển dài hạn cho cả hai quốc gia. Nutifood tiếp tục đầu tư mạnh mẽ vào mở rộng trang trại và nhà máy tại Gia Lai nhằm phát triển các sản phẩm dinh dưỡng chuẩn Úc phục vụ thị trường quốc tế.Kết thúc buổi gặp gỡ, lãnh đạo hai bên tái khẳng định cam kết hợp tác để kiến tạo giá trị dinh dưỡng bền vững, đóng góp vào sự phát triển của Việt Nam và Australia.----------------NUTIFOOD - Giải pháp dinh dưỡng của chuyên gia🌐https://nutifood.com.vnhashtag#Nutifoodhashtag#NutifoodVietNamhashtag#ViPlus…xem thêm","https://media.licdn.com/dms/image/v2/D5622AQEKuSWEI10lVg/feedshare-shrink_800/B56ZqBo0rvHQAg-/0/1763111561728?e=1782345600&v=beta&t=cqvzOm1UcJEV0SJHcy1ZTAGgFq9jdaI5Wl7TVz4AlbE, https://media.licdn.com/dms/image/v2/D5622AQH1yohHmDCNGw/feedshare-shrink_800/B56ZqBo0psIYAk-/0/1763111562410?e=1782345600&v=beta&t=_tlpxtpcxI39VoNUr3k2TINVyksOJ8VRQfSOpziHWOU, https://media.licdn.com/dms/image/v2/D5622AQH5jAYl5u9txw/feedshare-shrink_800/B56ZqBo0toJYAg-/0/1763111569925?e=1782345600&v=beta&t=gSQOObCgr1s-O-azConVohoplyRtuHo3z3SgXUScA-E, https://media.licdn.com/dms/image/v2/D5622AQEiGe_ZP0wVVA/feedshare-shrink_800/B56ZqBo0qwIsAg-/0/1763111561844?e=1782345600&v=beta&t=O6YEAvYpizVYpCBIB6xVnaG18FZaSFCerv-NCnl4IbY",,51,0,1
21,urn:li:activity:7452654557962194944,https://www.linkedin.com/feed/update/urn:li:activity:7452654557962194944,2026-04-22 16:48:30,,"Tại Nutifood, chúng tôi tin rằng chăm sóc sức khỏe con người luôn song hành với việc gìn giữ một môi trường sống xanh và bền vững. Nhân Ngày Trái Đất 22/4, Nutifood mong muốn cùng lan tỏa tinh thần sống xanh thông qua những hành động thiết thực trong công việc và cuộc sống hằng ngày.Từ những lựa chọn có trách nhiệm trong hoạt động sản xuất đến việc xây dựng môi trường làm việc thân thiện hơn với môi trường, Nutifood từng bước hướng đến mục tiêu phát triển bền vững và đóng góp tích cực cho cộng đồng.Mỗi hành động nhỏ hôm nay đều góp phần tạo nên những thay đổi ý nghĩa cho tương lai. Cùng chung tay vì một hành tinh xanh hơn và một cuộc sống khỏe mạnh hơn cho các thế hệ mai sau. 🌱💚----------------NUTIFOOD - Giải pháp dinh dưỡng của chuyên gia🌐https://nutifood.com.vnhashtag#Nutifoodhashtag#NutifoodVietNam…xem thêm",https://media.licdn.com/dms/image/v2/D5622AQH5m4PdvOIXaQ/feedshare-shrink_800/B56Z20l1AHIkAc-/0/1776851309040?e=1782345600&v=beta&t=LQKYYC3cxiw5dxawbepqUG-yqWaPGG2qVXnL9UYfAKU,,34,2,0
22,urn:li:activity:7367104122392670208,https://www.linkedin.com/feed/update/urn:li:activity:7367104122392670208,2025-08-29 15:01:36,,"🥰Tự hào Nutifood🌟Từ 28/8 đến 5/9/2025, Nutifood vinh dự góp mặt trong triển lãm chuyên đề “80 năm Hành trình Độc Lập – Tự Do – Hạnh Phúc” tại Trung tâm Triển lãm Việt Nam (Hà Nội).💥🥰Gian hàng Nutifood mang đậm sứ mệnh “Kiến tạo dinh dưỡng – Vươn tầm thế giới”, nổi bật với mô hình cây cầu đi bộ qua sông Sài Gòn – biểu tượng mới của TP.HCM mà Nutifood đã tài trợ xây dựng.❤️🌠Bên trong, khu vực Immersive Room sẽ đưa du khách bước vào hành trình 25 năm kiến tạo dinh dưỡng và vươn ra thế giới của Nutifood, trọn vẹn và sống động.♻️😍Đồng thời, khách tham quan còn có cơ hội trải nghiệm và thưởng thức các sản phẩm dinh dưỡng đa dạng như GrowPLUS+, NuVi, Varna, NutiMilk, Cà phê Ông Bầu, kem Celano, Merino,... 👍👍👍✅Đây là dịp để mỗi Nutier cùng lan tỏa niềm tự hào đến bạn bè, người thân và đến tham quan, hòa mình vào bầu không khí hân hoan chào mừng Quốc khánh 2/9 nhé💓…xem thêm","https://media.licdn.com/dms/image/v2/D5622AQEMEKvZGxuq8A/feedshare-shrink_800/B56Zj02JvwH8Ag-/0/1756454495019?e=1782345600&v=beta&t=olTm4OoJ0gB7luFW4QoWHyaZyds_EcHHoF6z8FfA08c, https://media.licdn.com/dms/image/v2/D5622AQHuRZSgvNzbhA/feedshare-shrink_800/B56Zj02JvaIAAg-/0/1756454495213?e=1782345600&v=beta&t=57NtKx9cv_sCkxu9-po9fiEqP7KFTaiantqczTj4SSA, https://media.licdn.com/dms/image/v2/D5622AQFdreBUDmoCeQ/feedshare-shrink_800/B56Zj02JvLHAAg-/0/1756454495195?e=1782345600&v=beta&t=iB0MsLTPHHHgfGrLrp4B3acpD3arstiqP4kp3OdcxKA, https://media.licdn.com/dms/image/v2/D5622AQEOmIcdc11B9Q/feedshare-shrink_800/B56Zj02JvTHQAo-/0/1756454495106?e=1782345600&v=beta&t=Rcv-FcB_BhwU8f0q8pU2frjRuv6VQmugGR346H4PvKM",,141,1,4
23,urn:li:activity:7422583719464607744,https://www.linkedin.com/feed/update/urn:li:activity:7422583719464607744,2026-01-29 17:17:43,,"🌉✨ Chung tay bình chọn cho dự án Cầu đi bộ – công trình vì cộng đồng do Nutifood tài trợ tại WeChoice Awards năm nay!Không chỉ là một cây cầu nối hai bờ, đây còn là cây cầu nối yêu thương, an toàn và hy vọng cho hàng ngàn người dân mỗi ngày.Nutifood tự hào được đồng hành trong dự án ý nghĩa này – nơi giá trị cộng đồng luôn được đặt lên hàng đầu.👉 Nếu bạn tin vào những công trình mang lại thay đổi tích cực cho xã hội👉 Nếu bạn ủng hộ những dự án vì con người, vì tương lai💙 Hãy dành một lượt bình chọn cho Dự án Cầu đi bộ Nutifood tại WeChoice Awards để lan tỏa điều tốt đẹp nhé!👉👉👉 Link bình chọn:https://lnkd.in/geXWbEHsMỗi lượt vote của bạn là một bước tiến cho cộng đồng an toàn hơn, nhân văn hơn 🙌hashtag#Nutifoodhashtag#WeChoiceAwardshashtag#CauDiBohashtag#DuAnViCongDonghashtag#BinhChonNgay…xem thêm",https://media.licdn.com/dms/image/sync/v2/D5627AQEZ9VbTUQTp7w/articleshare-shrink_160/B56ZwIRhcHJwAk-/0/1769665338861?e=1781553600&v=beta&t=LBxt_hdEGhIZuIVq4VayoBQVFl2XQs6tsDcPwMB708Y,,36,0,2
24,urn:li:activity:7433040216518725632,https://www.linkedin.com/feed/update/urn:li:activity:7433040216518725632,2026-02-27 13:48:06,,"🍀27/2 – Tri ân những “chiến sĩ áo trắng”❤️🧑‍⚕️Nhân Ngày Thầy thuốc Việt Nam 27/2, chúng ta hãy cùng nhau gửi lời tri ân sâu sắc đến các bác sĩ, y sĩ và Nutier đang cống hiến trong lĩnh vực y tế.🥰💐Bằng kiến thức chuyên môn, tinh thần trách nhiệm, các anh chị đang ngày ngày góp phần lan tỏa sứ mệnh nâng cao thể trạng người Việt qua từng sản phẩm dinh dưỡng.☺️🥰Cảm ơn những nỗ lực bền bỉ, sự tận tụy thầm lặng và niềm tin nghề nghiệp mà các anh chị đã cống hiến, để phía sau mỗi hành trình phát triển của Nutifood luôn có sự đồng hành của những “người hùng áo trắng”.💯💯💯🩷Kính chúc các anh chị và tất cả Nutier đang cống hiến trong lĩnh vực y tế luôn dồi dào sức khỏe, giữ vững nhiệt huyết, có nhiều niềm vui trong hành trình lan tỏa tinh hoa dinh dưỡng và chăm sóc sức khỏe cộng đồng.🍀…xem thêm",https://media.licdn.com/dms/image/v2/D5622AQHMDnR7vZDKcQ/feedshare-shrink_800/B56Zyd2r_PIwAg-/0/1772174885212?e=1782345600&v=beta&t=nl-P8x2gOxUG7gE4fv9avQ4vOGBHu2AWdr5zYQFQvhU,,20,0,0
25,urn:li:activity:7412180682023559168,https://www.linkedin.com/feed/update/urn:li:activity:7412180682023559168,2026-01-01 00:19:46,,"🥳CHÚC MỪNG NĂM MỚI 2026 ✨🌟🎯 Năm 2026 đã đến, mở ra một chương mới tràn đầy hy vọng và những cơ hội tuyệt vời 🎉Hãy chờ đón những hành trình mới và cùng nhau tạo nên những cột mốc ấn tượng nhé 💗…xem thêm",https://media.licdn.com/dms/image/v2/D5622AQEPnLH3YzJz2w/feedshare-shrink_800/B56Zt1bDPpJoAg-/0/1767201585182?e=1782345600&v=beta&t=1PCPauA1cZ9dxxM47IDM91zMGyq_5tbs_6VQItCOEFw,,39,1,0
