title,published_date,source_name,source_domain,url,snippet,brand,keyword_matched
Hành trình viết nên kỳ tích của tập thể Anh hùng lao động TH true MILK,6/2/2026,theleader.vn,news.google.com,https://news.google.com/rss/articles/CBMipgFBVV95cUxNOFI3WUdwN3hJRjZLaUdlMG5EdDlGdWpDUFMxcUxxQzFBLW1PSldMWnF1X0RjU09hLTRpSVdvTS1NdzVJT2VtVzUzT0twT3kwTkVBVmlfVnE1TUdyVzlqdTk5ajJpM0s3VDFsd0RsanYxdjlURDVEZ0xoQkRGemZtbkVhdmZwSC1Bbi1vS1NnY0p1bUk1alY3akNMR0NibDk3ZXJiWXB3?oc=5,Hành trình viết nên kỳ tích của tập thể Anh hùng lao động TH true MILK  theleader.vn,TH true MILK,TH true MILK
"Phát triển bền vững, TH true MILK tiếp tục bứt phá",2/28/2026,Báo Đại biểu Nhân dân,news.google.com,https://news.google.com/rss/articles/CBMikwFBVV95cUxQSTlsVjBobHJRcHN0LTU0bUdZSURhZkg2amVPb1hwZkhtOEI5c3hMN0NHSmF3NGdmUk9zSmUwUkc5N3VMSHlSWW9RLUctQUVpdG5lbnVtZ3l2ckdNbXUwTFhVMFFqZkE4WDhSTkVXVHRXZzM3ZU4xeGhKVzZpZmUwOTRUNzhRLVhhVG5nV2N6QUNhZXM?oc=5,"Phát triển bền vững, TH true MILK tiếp tục bứt phá  Báo Đại biểu Nhân dân",TH true MILK,TH true MILK
Từ đồng cỏ đến ly sữa: hành trình 12 bước của TH true MILK,5/9/2026,Báo Tuổi Trẻ,news.google.com,https://news.google.com/rss/articles/CBMikwFBVV95cUxOTnNMbmRuWkFPMTYxaGFpRnFJT3RuaVM0QkJ2akp6d19JMXZyOEZxQ3V5QWdUcDZ2bi1jOHpOR2w3c1daOEJ0MVM3VFNabnM2Ym51a004TlVkSUtIM3MycXVpZWhUbTY4Wk05aDRfSE4tLXc4cHZUZkFma2tNLURYS0xGWmpCNHdZd1luZlNmeWxEVFE?oc=5,Từ đồng cỏ đến ly sữa: hành trình 12 bước của TH true MILK  Báo Tuổi Trẻ,TH true MILK,"TH true MILK, sữa TH"
TH true Milk trong top 10 doanh nghiệp bền vững Việt Nam,12/6/2025,VnExpress,news.google.com,https://news.google.com/rss/articles/CBMilgFBVV95cUxQOVBFREExQS1kN0FHZVpqaHNNRXl1ZEhHN2F2eEVia2Z3LURPMERhTEdwM1VPRTFRMGl3UTlBaDM4MDh2QUJ2NjNqUzR5LWgzdnNDTWt6UDlORkVYbF9CMkd0RVRsem8yUF9YaWRmVkc3em04Qi1sQXlvQXNfTDRaYXdPT2VwMGJTYXRyS3NtQ0h3YkdhaVE?oc=5,TH true Milk trong top 10 doanh nghiệp bền vững Việt Nam  VnExpress,TH true MILK,"TH true MILK, TH true MILK doanh thu, sữa TH"
Đồi hoa hướng dương của TH true MILK nở rộ: Mở cửa tham quan tự do từ 16/12,12/12/2025,Báo điện tử Tiền Phong,news.google.com,https://news.google.com/rss/articles/CBMirwFBVV95cUxPMi1ib21UYmRsUFg2Z1JQbDBBaUhJRVIydFp0cW40Y0w4YTZmMEZDLS1RVzJOMVlIZ3pWQUd6b0x4cV9EV2Nra1ctNEI3RWZxMDBZNlVaZTlvYXY2TlJ6ekl1RDRMZnhIODZtY3NfNS0yX0RwYjZWTEJZR1ltcEFfR0Q2akVSempleC01ZjlDRnBfdjBsbk9UWmdDWkFsSW1DeWNpd2NZd1VFR2RlajNz?oc=5,Đồi hoa hướng dương của TH true MILK nở rộ: Mở cửa tham quan tự do từ 16/12  Báo điện tử Tiền Phong,TH true MILK,"TH true MILK, sữa TH"
TH true MILK è rimasta sveglia tutta la notte del 1° settembre per donare latte e acqua alla popolazione e ai soldati.,5/28/2026,Vietnam.vn,news.google.com,https://news.google.com/rss/articles/CBMiowFBVV95cUxPa2swWDNUTEZmZWlTV2NfeFl0NzV3Vy1pTHVJbnNmNThzd1VjRElMWm5jRDV2QnIzR1N1WmtZNDB6RzBDbVVKbG01b3QxYUc5a2xUQlJ1ME82cHhNMjZ0NHlhdHFwZ09ac0FUNXdyYWVSRnRDdlFuWjRWZHYxMGhfNEpWcUZURVFSOHZGLWJGVzZjNjNaY09xUTByZVVjdUE3dzhN?oc=5,TH true MILK è rimasta sveglia tutta la notte del 1° settembre per donare latte e acqua alla popolazione e ai soldati.  Vietnam.vn,TH true MILK,TH true MILK
Từ cánh đồng hướng dương đến khát vọng phụng sự Vì tầm vóc Việt của TH true MILK,12/27/2025,hanoimoi.vn,news.google.com,https://news.google.com/rss/articles/CBMisgFBVV95cUxORzByY2RBOUQ2SmVnelVuSmJrcWNGQmE3bVZJZTdLS2pwOHBwcDlPSnpyOWs1NnlCNVlWbHFrTHBRV2o1R3B3VHZrMHhKYThQVkM5QU9pRGRiZW5uTDlOYTJ5YUcyblNzU01GbmZYWE92WUJjTF9LRmlxdUpNRnpraEprc04wZkFoUThrSGVHY2Y3QkZpc0xfWHFCbDJTV1E1NWFRNzFJNlduYmRPb3QtV2N3?oc=5,Từ cánh đồng hướng dương đến khát vọng phụng sự Vì tầm vóc Việt của TH true MILK  hanoimoi.vn,TH true MILK,TH true MILK
Thủ tướng đưa ra đề nghị đặc biệt với TH True Milk,3/25/2026,nguoiquansat.vn,news.google.com,https://news.google.com/rss/articles/CBMijwFBVV95cUxOSm1QSHFFWU5QRGxNRUIyQ2VkZEtvdUdWUjJkNFBYRUhiTk1yYlhfaDNUSXc3MWhjVVRRVWhPemZ6WjRQSFFmSDJrektocEZoUWIyZUMwNkd3eTQyMU0yaDdvRExaZ29sMm83dzNJOWpHMmkySnhFZzVmRjh1WGpFRHlBZmlXeVZzcHY1SWRTOA?oc=5,Thủ tướng đưa ra đề nghị đặc biệt với TH True Milk  nguoiquansat.vn,TH true MILK,"TH true MILK, sữa TH"
Những sản phẩm “Vươn mình tiến vào kỷ nguyên xanh” - Bài 90: Sữa tươi tiệt trùng TH true MILK,11/5/2025,thuonghieucongluan.com.vn,news.google.com,https://news.google.com/rss/articles/CBMi0AFBVV95cUxOaWNBbEp0T003eEVnVTVZMkpKUzlLOHFYV3M4N242X1BmcVdwVHdzQkFscjhyQzBEVFVHcHVJUjgtWFR3Tk9SN3FGR3h1cE5lTTJyQzdnazh0bEM1UmlkRW1GQm9QemQ1MFhxcTZSeHBBQ3JfVTlfWmlCMXhhaUhFeUo0enZ4bFQ0NGphUS1MTEx4UlFDRkkzb1VYcWVsSXY1bno2eUlEMXJGdVVzcTVrdW1uRVpQcWNVQk5HaUw2LW83MlpDRjROaUJTMUxBREdv?oc=5,Những sản phẩm “Vươn mình tiến vào kỷ nguyên xanh” - Bài 90: Sữa tươi tiệt trùng TH true MILK  thuonghieucongluan.com.vn,TH true MILK,"TH true MILK, TH true MILK doanh thu, sữa TH"
Cánh đồng hướng dương: khởi đầu quy trình khép kín của TH true MILK,12/25/2025,Báo Tuổi Trẻ,news.google.com,https://news.google.com/rss/articles/CBMiqwFBVV95cUxPMXZuMER4YWxxT3BmaUxRYlVYWlZXb2NJZXluYjRPNmU4OUxNczE1Q2NDdm9fOG92bktHckJFcFpGZnhOOFZ2TE40T2Y1TENMcTJCUjI3djZsYzVyTWtXanM4dzJRcnZmZE5fSGhtZEFUVFVwclVIU1drMTYxb2t4WDlFczU0MnVSS19jSGM3TTBRY1ZnQm5CZ1lPaEdFWnM2ZU1pRW81cFd2WUU?oc=5,Cánh đồng hướng dương: khởi đầu quy trình khép kín của TH true MILK  Báo Tuổi Trẻ,TH true MILK,"TH true MILK, sữa TH"
TH true MILK và năm của những dấu ấn tự hào,2/14/2026,Báo Công Thương,news.google.com,https://news.google.com/rss/articles/CBMigwFBVV95cUxOaVk5Y1F1akNVaUVQMG1Gd1RTaWJ3YlpkdVYzYktBU29CZXdqd2thWU9BYjVNd3N2cHpfSmoyVV85T0ExOVVlU3FSMkNzOUE5Q29xMXFoTC1aenJaZmVoNWdkUDZvc09ZX0sxT2JCZGV6ZmdJZUR4UWxrUTJtX1VINS1BSQ?oc=5,TH true MILK và năm của những dấu ấn tự hào  Báo Công Thương,TH true MILK,"TH true MILK, TH true MILK doanh thu, sữa TH"
TH true MILK 'trình làng' kỳ tích mới: Ứng dụng blockchain truy xuất nguồn gốc sản phẩm,8/29/2025,baochinhphu.vn,news.google.com,https://news.google.com/rss/articles/CBMiygFBVV95cUxQcTFCTGRCbjRYaFdMajgzeVdmYmFYSXpuVGM4c1hlM1N3Y18wd3NfOVVqS2hVRzBMbkpGMU56aTNGd0ZSTm5PZkExcmlqNHBUMDNoakpEbGUyMm5oSGh0M0d1ZUczdTlWU2VzakFwWldMdlkwVWVXMnlUQzFOQ1hSbWhaVjJjVVJNM0JsVmdIcUhKdXhPNUtyb2pVbUV3TXd5dzBHSXpGWXI3SUJ6RUFqdU94NlkxZlZlLUo5UUhUNFlRN2pKN21rYlJR?oc=5,TH true MILK 'trình làng' kỳ tích mới: Ứng dụng blockchain truy xuất nguồn gốc sản phẩm  baochinhphu.vn,TH true MILK,"TH true MILK, sữa TH"
Đổi vị cho bé với sữa tươi tiệt trùng TH true MILK mới: Thơm ngậy hương chuối lại hoàn toàn từ thiên nhiên,11/5/2025,Tạp chí Điện tử Luật sư Việt Nam,news.google.com,https://news.google.com/rss/articles/CBMizwFBVV95cUxQekVobHhzSFJlZ0tBeUh3M2M4UHJ4a094ZUhSMjNsaGVlWTNTb3RQNmVlU0V0U2VScHE5eUVoQm5ZenRzVUtjRldveDNCci1XTjNGNXRhVHVNdVEydkJHbTdVYWZQd0d2UnBTOWpTR2doMnAzMW9ncWVnWkE0M1dsdDFPTGsxX29jT0lEeG1tM1BlZXR4SkZmaGh6T1FQVHBYczhEVXVWcVotQVRsTG5ZMUk5RnI5Qk1RVDFNNk9ldWVnUHVNQjlSNkNSOHpDWEk?oc=5,Đổi vị cho bé với sữa tươi tiệt trùng TH true MILK mới: Thơm ngậy hương chuối lại hoàn toàn từ thiên nhiên  Tạp chí Điện tử Luật sư Việt Nam,TH true MILK,"TH true MILK, sữa TH"
[E] Sản phẩm TH true MILK 'cất cánh' cùng Vietnam Airlines,11/12/2025,Nhadautu.vn,news.google.com,https://news.google.com/rss/articles/CBMikAFBVV95cUxPbTlEdXpzX09BY0JvdWhYQWFIdVFzTThERVpINENXTUVCTjRVOFRJRkhYb2NkeEdlNE9tMkVybTlRQ3NTV0lMTjVIajB4Rmo1eVQzdEEtNjkzYTVzQngwUUFyVGZ1U3l4OXU3YlhqRE5kMlJRZlhjWWVlcHU2eGpyQ2pENlRJdmdwRkQ1bmVmVTA?oc=5,[E] Sản phẩm TH true MILK 'cất cánh' cùng Vietnam Airlines  Nhadautu.vn,TH true MILK,TH true MILK
TH true MILK 'trình làng' ứng dụng công nghệ blockchain truy xuất nguồn gốc sản phẩm,8/28/2025,Báo Tuổi Trẻ,news.google.com,https://news.google.com/rss/articles/CBMiwAFBVV95cUxPaXYxbVFJck9WVHpZc1dScThvbDlSRW9wYUtUY21kOUxoRG5qLWZVdU1JWXVEUzFiQzlDLXdUQXdPUUdrS01JTnZPZkQ4clgwdzMyTFpVZDNxTXlLaVVMRVROUHFFckRERDBwQkZ1X0c0M3lScUFiSDBtLWhzVGh4UUUxNEhicGplVFQyYjViQWVPNl9uWjhNOHN3VEx4VlFZek5tdmdNX0pIQ0p3Ulc3MklHRDUzOUUtV2loeC05akQ?oc=5,TH true MILK 'trình làng' ứng dụng công nghệ blockchain truy xuất nguồn gốc sản phẩm  Báo Tuổi Trẻ,TH true MILK,"TH true MILK, sữa TH"
TH true MILK minh bạch chuỗi giá trị khi tiếp cận nhà mua quốc tế,9/6/2025,Báo Công Thương,news.google.com,https://news.google.com/rss/articles/CBMioAFBVV95cUxOZV9Xa29HWkRwb2hFakJ0RnV6TXpKRkctZlRyVmgwNUJoUm1EaXQwWC1FVmdLSzlNb042Sl93YUhNMUNrbFZIbVp1a2o5VWlENV9TdElaY0dJQXljX3BPTU95WFU2S2lPRFdVejZ5dVFxNDVkaG50N0FBZ0dMZ05pbmx3Nmg1NXZEV3g1dVRKbkwtZEVrWnhKdkhaQVpNRXVT?oc=5,TH true MILK minh bạch chuỗi giá trị khi tiếp cận nhà mua quốc tế  Báo Công Thương,TH true MILK,TH true MILK
"Chip điện tử - ""mắt thần"" giúp mỗi cô bò sữa TH true MILK có một hồ sơ sức khỏe riêng",12/28/2025,hanoimoi.vn,news.google.com,https://news.google.com/rss/articles/CBMiswFBVV95cUxPbS1xMDB5U2tINXFza1RQY04xOWM4OTNZVExGTzZ0MXBXS0JDT2JYVVcya3pRSWsydTlNY0dxYjdWM0thR2FDSG90MTdtRmphdDBQdzh6bmxIdzdkSDlDRWJVTFdRWEYzRldENV9lM185QUFhZGpDX1U3Z0dxOU1nWU1XVkszOXVCM2tUSVVxYnZzd1E4YkktdTNlQXZueEFoSzhTeEdjY2pmR1o5aFp0eDJ4WQ?oc=5,"Chip điện tử - ""mắt thần"" giúp mỗi cô bò sữa TH true MILK có một hồ sơ sức khỏe riêng  hanoimoi.vn",TH true MILK,"TH true MILK, sữa TH"
Sản phẩm TH true MILK “cất cánh” cùng Vietnam Airlines,11/11/2025,Laodong.vn,news.google.com,https://news.google.com/rss/articles/CBMimgFBVV95cUxQaVlBeFpGQWxXenFjX1VzS3RLNm5HWHlsV2tZc0pkRXYwYWpEbWdoTXRsX2JFV3c5MnpYRnhlaDdSM01JV2tKbGFCQ3pheVNLMDJzYU9ud1RNOHRpenZJVFA2Q1V0OWJNTlFxMGNwUmJxNTRNOTQ4TFpDRVRiUVR1RDM5Sno5S25nOTVXWm02SWZXVnlqalJ2bW5n?oc=5,Sản phẩm TH true MILK “cất cánh” cùng Vietnam Airlines  Laodong.vn,TH true MILK,"TH true MILK, sữa TH"
Những cỗ “siêu máy” trên cánh đồng nguyên liệu 8.100 ha của TH true MILK,12/29/2025,hanoimoi.vn,news.google.com,https://news.google.com/rss/articles/CBMipAFBVV95cUxNRHlydmJtbmJfZ3JWT2hTdnh2b0w5c3RDeVdnYmI3UVhTZUprRWlYdW4zVjFDOWI0YWVRYlNYZEIzdTJsVEJsa0k2WDBwT2xrdi0tUER4Z2xsQS1aZTNpSXU0UEdocXNHY3QwMUxRUFdzSjdoQ3JsZEFBemMtOW9YbXVvM0FtSEl0aDF2ZnhFZW9KRWwxYWJCQkphSVlSZC1JYlMxNQ?oc=5,Những cỗ “siêu máy” trên cánh đồng nguyên liệu 8.100 ha của TH true MILK  hanoimoi.vn,TH true MILK,"TH true MILK, sữa TH"
Đại chiến sữa tươi Việt: Vì sao 'gã khổng lồ' Vinamilk vẫn không thể bị lật đổ trước sự tấn công của TH True Milk và Cô Gái Hà Lan?,12/26/2025,VietnamBiz,news.google.com,https://news.google.com/rss/articles/CBMi_wFBVV95cUxNNENBc3BROElaY1FXaVV2aW1IX2NZNmo4ZkQwSkkxZXRwMEdQMnpGekxfVzN5U3p4X0xSSTlRaUVpRnEyUEE0by00R2h2bk9QblRqZjFFMnJaanlreDI3bjg4Zkw5d1VDOVBmZ3FxaEhGMWJSVUhFaXN1RnlBYnd5Sno1MXBXU0RNNlQwd2RFS2NJNUwybEplcEZ0SERIWUc0WEJ2WGpobEJXMGo5M3ozdFVhbjBqQ29EX1RyNlBpWGNWNUhaVlBwSXlpMzNZZkF4b1kxZnVoQUM3M1dtd1JSYnBNa0IyU1djQWdKNXhEeG54a1J1Ym5pOWtUSlhrdVU?oc=5,Đại chiến sữa tươi Việt: Vì sao 'gã khổng lồ' Vinamilk vẫn không thể bị lật đổ trước sự tấn công của TH True Milk và Cô Gái Hà Lan?  VietnamBiz,TH true MILK,"TH true MILK, TH true MILK doanh thu, sữa TH"
"TH true MILK thức xuyên đêm 1/9 tặng sữa, nước cho người dân và các chiến sĩ",9/1/2025,baochinhphu.vn,news.google.com,https://news.google.com/rss/articles/CBMivgFBVV95cUxQaExKMlB2c2xXYVZMX0R6RGlCOGtJVFE1RHQ2dW9lU01aWjdkZDhZb201MF80dGlscFgxcl82ZlNxbUdNS0MtcW92YnVZck53REVhWXZTU1JUSDU1QkluQmRlSFFPQ1I1UFJwNmVTWGdGbF81ak9iY1g4RjRkYlptcFFOV3lfVDE0akZmaUFZaHZjcEdmV2tvWTM1WE5PdmdFXzQtZWdwaU02bXQ1OElDd09VLU1VT3hyWXFOYUVB?oc=5,"TH true MILK thức xuyên đêm 1/9 tặng sữa, nước cho người dân và các chiến sĩ  baochinhphu.vn",TH true MILK,"TH true MILK, sữa TH"
Cánh đồng hướng dương của TH true MILK: Mở đầu quy trình khép kín “từ đồng cỏ xanh đến ly sữa sạch”,12/24/2025,m.nhipcaudautu.vn,news.google.com,https://news.google.com/rss/articles/CBMi5wFBVV95cUxPX0R0dEhyaWJKUmszZXRhcmx6bWJsOWFtSDRSVTZYbTNialRod3JqSl9FOVlTS3MtWUROZGNfbGIyS2JpZkZpSlNJZy0yazk4QVZWbldhYVlJQ0lTZmQ2Z0xucTcwVGVZMjY2Q01KTlJJUUVpWm8tOXlxaXpjZTBDM1lqUlFtQV84Mk01c3IxaUt0MFh1R2pmbkd5UlRaeGE2UE5LUVItSk5OcFVnaE1XN3BETFlKWEpxVmFPYV9KVnlZWWFlT3oxNlZIOGpxRDMzdjVRT2FpMXotRDA2a1p0VjhQaDlqaGc?oc=5,Cánh đồng hướng dương của TH true MILK: Mở đầu quy trình khép kín “từ đồng cỏ xanh đến ly sữa sạch”  m.nhipcaudautu.vn,TH true MILK,"TH true MILK, sữa TH"
Trải nghiệm câu chuyện thật của sữa tươi sạch TH true MILK tại Triển lãm thành tựu đất nước,8/27/2025,Báo Dân Việt,news.google.com,https://news.google.com/rss/articles/CBMiwgFBVV95cUxPUXVmRHF0Sk11Z3JCc2t1eF9LWmdnTDR0bE9FU1NQd1RoeHRjMmM3bm45SmVhYklHMHVzMGhUMzJNeUJEUWZQS2c4Q09QSHZLd05BazNHR3lpUUl0WC05dU5nNWh1NEF6X3hFVDBxSWhtZ29fWENxbHlVQ21RNmZkS0QzQ0pvT2pJaWlYdFRNYkhUZ1lyV2N2UkxCQVJKMHZrTEZBek1zNXZDQzRYc2FXS3ZGeGxFTEVwUXlaQURmTkVfZw?oc=5,Trải nghiệm câu chuyện thật của sữa tươi sạch TH true MILK tại Triển lãm thành tựu đất nước  Báo Dân Việt,TH true MILK,"TH true MILK, sữa TH"
Tái tạo năng lượng giữa không trung cùng thực đơn lành sạch từ TH true MILK,11/19/2025,Báo Dân Việt,news.google.com,https://news.google.com/rss/articles/CBMirAFBVV95cUxPY19LQUVBSEs1ZlM4S2lzcEdXVGdSOTdNaTZYQkQzUEdyQWFSR1BnOVoyWnR6MjhmMUtPbGhyU1RMR0pNZHBTTmx3c2Z1QWxRU2poT3ZUaElfSEd3VloxTXMzelJwMGdLYURxNnVaVGFWb3k3X1RmdHB5ekJtc1ZGQkJvY240bk04MXIxc0dTVU1hSWdsNFB0RGN2bWllMXFMNGlwTl9WTGpXOG5x?oc=5,Tái tạo năng lượng giữa không trung cùng thực đơn lành sạch từ TH true MILK  Báo Dân Việt,TH true MILK,TH true MILK
TH true MILK vào Top 10 Doanh nghiệp bền vững Việt Nam 2025,12/6/2025,bnews.vn,news.google.com,https://news.google.com/rss/articles/CBMikgFBVV95cUxPV09HZTROcHVRZTZvS3JYNzdhblE5VGhvTzk0NU13Nm15dXEyV05RODJqdzJHa0lCSkQ1d09nUGtNVU5WTFRSeENxR2lIQXNITXl5Vm1GOXF1Z1dLYzJUNnd4XzNJN1NoaXZlUWtLV1RaZmY5SjNMeF9RT2RCMkdxMFlvQVRGNE0xX0dBdmxPT1prQQ?oc=5,TH true MILK vào Top 10 Doanh nghiệp bền vững Việt Nam 2025  bnews.vn,TH true MILK,"TH true MILK, TH true MILK doanh thu"
Thực phẩm Sữa TH trúng gói thầu 1.601 tỷ đồng cung cấp sữa tại Bắc Ninh,10/19/2025,Báo Đấu thầu,news.google.com,https://news.google.com/rss/articles/CBMirAFBVV95cUxOY3NmUGNocVNtS3V0Z2J3Tno4S3V4dVlNaWNxNUt2bjRKQTZ6V1BQUE5nV1hSOTFlck9YLUQwMjlWckxkb3RVaDJqXzRaVmNrRWNVenEyZFZTbHNSRjdpa2NmVVZHRm90empDN1kxTTBTa2xleW1JeGZJTmwxOVRBb2w3dHFxc0pXUmVvVGRVOWViWGNWTGxXVlJ5WG9XMzhKZ1lfcmttZEdrNWFW?oc=5,Thực phẩm Sữa TH trúng gói thầu 1.601 tỷ đồng cung cấp sữa tại Bắc Ninh  Báo Đấu thầu,TH true MILK,"TH true MILK, sữa TH"
"Sustainable development, TH true MILK continues to break through.",2/28/2026,Vietnam.vn,news.google.com,https://news.google.com/rss/articles/CBMigAFBVV95cUxPRGtVUk80VC1rOFJOal84QTN3VnRBOUZYbWF2cmhoWnVyU3Q4TDdnRzY2MEoyNFBIOVV4VDlVUXVHaGJnUFVDTzJ3TE1hS09ZeTFNSG5ZZXBZXzB1RWV0cTd1R1c3NzRmRkZwTUVMSFl4WDB1TmlOVndCWnZJU3Z6Xw?oc=5,"Sustainable development, TH true MILK continues to break through.  Vietnam.vn",TH true MILK,TH true MILK
"Sữa chua TH true MILK TOPKID - lựa chọn bổ dưỡng cho trẻ nhỏ, hiện đã có mặt tại AVAKids",10/16/2025,Báo Thanh Hóa,news.google.com,https://news.google.com/rss/articles/CBMiuwFBVV95cUxQcW5RaGU2cUJ5Tm9VUUtaX2ZJdEVUMG9IVUdvOTJkZDNSak9jODVWNHlvQlpsQkF5NXE2Z1RGanctamd2UTFacVdwNTM3aXdMRDQydWo5dEViUkdsemJIQ2xkX25TeU5reGRhZWJocjZUSUNHUTZFTm11Wm5vUm56RVZYNFdXYXUwV1NSZktTNkFpZG1RMlh3bjJIQlFrblREdU5BMWc1QlZRMFNPVlZlX1lDa2VYelF4UkNz?oc=5,"Sữa chua TH true MILK TOPKID - lựa chọn bổ dưỡng cho trẻ nhỏ, hiện đã có mặt tại AVAKids  Báo Thanh Hóa",TH true MILK,"TH true MILK, sữa TH"
"Thủ tướng Phạm Minh Chính khen Vingroup, Vinamilk, TH True Milk, ra chỉ đạo về hạn ngạch phát thải với Thép, Điện ngay trong năm nay",1/15/2026,CafeF,news.google.com,https://news.google.com/rss/articles/CBMi_AFBVV95cUxOaDJaVjJjb3R2ejBlLU94b0dGZEVGX3c5WVZjb1hubjNMZnZGcXZMMzREck9OamxkSlZYLWQ1Qk9Gby1tOEsxekI5QlBncWNrVDZhcS04MFlKaXB3VVo5aVJUc0Ria0wyZE9vR3p1aE9JTG44aV9uVUhrTUptZm1mNVRrbGphTlR6VkkxNDZteVpRSXRneGYyNXYwYUR4MnhhWHhnZ0ZqTVRqT2lsbDItNXhfckRJamJ4NjZuTkE4emJDNHdJa1RVbGNXWFh0WUUybURXOFVXNlZKRTBBcTNoa18yLThMTmpiM05CTlRBbkphc09DcmlUbnp6Vnk?oc=5,"Thủ tướng Phạm Minh Chính khen Vingroup, Vinamilk, TH True Milk, ra chỉ đạo về hạn ngạch phát thải với Thép, Điện ngay trong năm nay  CafeF",TH true MILK,"TH true MILK, TH true MILK doanh thu"
TH true MILK: Dấu ấn trọn vẹn trong tuần lễ lịch sử của đất nước,9/2/2025,Báo điện tử Tiền Phong,news.google.com,https://news.google.com/rss/articles/CBMiogFBVV95cUxQUkhhSFJQWUpHdnN1dnVBM2hPdUM2OFlHSTU4WGtrR0c0RVlCUF9aYWpjZFpqcWV1MmRhMWN0aWU4VnNwam13am5zN1pzVmJUc2hpaHVnZDFYZHlKRjQ2UEFjSmw0UllPa2RXa0pVWHNxR1g2MzVvZUlpVTFWMlcyMGJUeXNLdTZkYkFaeEVsWGRCNlA2b01GN3V6OEhjSXhkRXc?oc=5,TH true MILK: Dấu ấn trọn vẹn trong tuần lễ lịch sử của đất nước  Báo điện tử Tiền Phong,TH true MILK,TH true MILK
TH true Milk thắng gói thầu cung cấp sữa hơn 1.600 tỷ đồng tại Bắc Ninh,10/20/2025,Cộng đồng Kinh doanh Việt Nam,news.google.com,https://news.google.com/rss/articles/CBMitwFBVV95cUxQT2xMUmJHVUw2c0MtVkh2Sm9SV2JRMmdSRFZPRTlJMEZnMHJXSzRyWHFaNDVuZnBIRTFKMVF5OXF6eS1VaG03NmtIZElZYmlyQUdfWDZ1N1RnZVNidEduZC1mUUVJYVJ3bUpCbDl2aVRhS2hEWXpLX2ZNVkFTODk2LXlvVHFOeXM4NzRtNDdGaGhzOWJta0xKcWN1Nzc4WEotUlhrcnZ1Mk1NTVdTREN3dzdHUVYwdTg?oc=5,TH true Milk thắng gói thầu cung cấp sữa hơn 1.600 tỷ đồng tại Bắc Ninh  Cộng đồng Kinh doanh Việt Nam,TH true MILK,TH true MILK
Tái tạo năng lượng giữa không trung cùng thực đơn lành sạch từ TH true MILK,11/25/2025,CafeF,news.google.com,https://news.google.com/rss/articles/CBMitgFBVV95cUxOb0VWOTdad1dta0JkRURoaEc2TFFKQWlfMEs4aHc5T1lxSGNaVzNsa3FYZVloT3BFQUVPMjM0azJUUFp6SlI3REJNSklmSXRtZGVQWFl1NkxnbGdSVWFiNnJGS0xFN0RJVW1XbXdYcVEwc1Q4cm5KbDlGRnpCZ3FWWWdxWVF4WUk2SnFsUGZPeGRHSlctLVctM0pHa1FUQS1FYzJIM3pBa3FUN2ZhYWxyYVhoUUZRQQ?oc=5,Tái tạo năng lượng giữa không trung cùng thực đơn lành sạch từ TH true MILK  CafeF,TH true MILK,"TH true MILK, TH true MILK marketing"
"Năm 2025: Phát triển bền vững, TH true MILK tiếp tục bứt phá",2/26/2026,thuonghieusanpham.vn,news.google.com,https://news.google.com/rss/articles/CBMikAFBVV95cUxNZDNHLTJqX3NqWXZKWV90X3M5eUtDblJfSEZaZTh4QmMyZkh2NWdUOTVIY2ZaR0JEVzJIQU1BS0VmeEhCVXBWQTkxYlNNVUIydTJBOFBYNVNvNFFSaVRzck5KYUFmbjRVSEtLRUQydHJ2V0YySWt4LVNieXRsanZHTUZqRDI4dUlEQmlCeEpaNkM?oc=5,"Năm 2025: Phát triển bền vững, TH true MILK tiếp tục bứt phá  thuonghieusanpham.vn",TH true MILK,TH true MILK
TH true MILK và khát vọng tự chủ sữa tươi nguyên liệu cho Việt Nam,8/12/2025,Nhadautu.vn,news.google.com,https://news.google.com/rss/articles/CBMinwFBVV95cUxNLTVlLXNDWlFvNlJjcFNNTC0zQ1JOTjNGYTNUdDJvLUk0TTAzakM4UnFnNEZOeHRvOXVYcVVTM2NBa1hCVHo5VnJGWDd5N2NhMDRmVHd2MEt5UkFVUGxEc1pialJWemVSRFdiaTB0TEtSd3ZaNkQ5NGV0aTQyTzdJa3VYSll0OHJRNUxobjBHaVlxRXBGa09vUHFDUGk1R2s?oc=5,TH true MILK và khát vọng tự chủ sữa tươi nguyên liệu cho Việt Nam  Nhadautu.vn,TH true MILK,TH true MILK
TH true MILK “trình làng” kỳ tích mới: Ứng dụng công nghệ blockchain,8/28/2025,Báo Quân đội nhân dân,news.google.com,https://news.google.com/rss/articles/CBMijAJBVV95cUxOZTF5aEhoaTFCdXNueVNDVjdGbzh2S2ZQb3RFQXpiQ2VIb1RGbW9VM3dhd28yS1NTakdrR3pTY1JtOWFTV2ZSYWNPY1c0bWhKcFN2OURnWVNBNmJHUXNScGR4Yzh3Q3g2R0ZvNG1NNW5zekRCTzhMbEFvQUJsTXo3LTFHb2JpUFE4THkzSTN5YkZSM3Z4WFZOZk5JV1FteEpTR09VSTlwdzZXMDg3WjlVWm5zY0hRamUyRy1vSjg0MVkzbXFOejFKUHc5bDRrU2FjVmw2UVIxMmpJMjBfb0puWHpJMzZrRURJck8yaVl1bXprN1dFTTl4VVdOY3FTeEVveS1pN1g3U3VkRGdE?oc=5,TH true MILK “trình làng” kỳ tích mới: Ứng dụng công nghệ blockchain  Báo Quân đội nhân dân,TH true MILK,"TH true MILK, sữa TH"
TH true Milk tiếp sức cùng chiến sĩ Bộ tư lệnh Lăng Chủ tịch Hồ Chí Minh tham gia nhiệm vụ A80,8/12/2025,Báo Quân đội nhân dân,news.google.com,https://news.google.com/rss/articles/CBMi4gFBVV95cUxPVnNnTmJhSWtIU09PQTdBSVhMbUhiRjNHN0VrSDExRkREZ1NYNGtSTk9UMkpnWjQ4WERCUU5rdDNrTmNLWUxfU3JodHlhU0owM2dwZXZXdGtJWFNlYlhsNjh3ZXJzS1BzUDVGaHE1d0tZSVdOb2c0ekZxd0Z3cmE3YkhIcTJPMDBFSThLN3l3em02aUJWT04zaGs5dVkxLXRxd2FDcF9DcmI2Sl9GenpRUlZMNlI5SzVGTjdOTmVDWGZUT1RSWHVsQTV3Ry1kd0NlT2ltRmdlUWRTWWhNSkpoX1N3?oc=5,TH true Milk tiếp sức cùng chiến sĩ Bộ tư lệnh Lăng Chủ tịch Hồ Chí Minh tham gia nhiệm vụ A80  Báo Quân đội nhân dân,TH true MILK,TH true MILK
Trải nghiệm sản phẩm TH true MILK tươi ngon giữa ngàn hoa hướng dương,1/5/2026,thuonghieusanpham.vn,news.google.com,https://news.google.com/rss/articles/CBMinwFBVV95cUxOVUs2SFVmeGxoaUloc0VsZ3cyTGRNOEh2dVNjTnBiNWV2c01NQ0oyRU5BOGdnVDRJMm5rMW50a3U0UGstd1hSemxydmxSbERQb3hJUVdzbmxhQm5VLUJnd21DLTBBNGFtcnRTSkU2X2gyV1VNS01VMXA5TjktRTJVVGpxUHg2VTlfT2tOSGRaLXVKLTQzQVdGM3JwRFBxdTQ?oc=5,Trải nghiệm sản phẩm TH true MILK tươi ngon giữa ngàn hoa hướng dương  thuonghieusanpham.vn,TH true MILK,"TH true MILK, TH true MILK quảng cáo, sữa TH"
Ấn tượng với công nghệ truy xuất nguồn gốc sản phẩm của TH true MILK,9/2/2025,CafeF,news.google.com,https://news.google.com/rss/articles/CBMirAFBVV95cUxQWVp0OXlUcTFFVWJBNGVpS2dPZzMwenlsdkR0Zml4ckZ1Mks4OFVRZVZWaDFUckhkTF8tQTAtMHZYMXhRanE3SlQ5c2NoU0tSSXg2VEVPc0ZxOTNid3R0MU5OVFdFWUdDVmdnN1BPUmsxd1FkclR0MnNrdDNUT0pER0VzV2x4eTh5ZnlRQWJjWl92YXNOemRPSEttTXNEZFRJMVpKUmppVzNYV0th?oc=5,Ấn tượng với công nghệ truy xuất nguồn gốc sản phẩm của TH true MILK  CafeF,TH true MILK,TH true MILK
Sữa tươi sạch TH true MILK: Top 10 “Tin dùng Việt Nam 2025”,12/23/2025,Vietnam.vn,news.google.com,https://news.google.com/rss/articles/CBMihgFBVV95cUxOTGh6UVhZazJBbjV0WVBLbUFZbVlTMVVTMHJ0R0NWZENrRTNMZHBoWFZXTXZGTWhxaHFHRE0wTEpMbDJidXh5SDNCZDc0NWFCTXVtLVlXMXdnYnlsNjhjSWFOWVdDNjEyay1yQ19QZEdfNE90YTUtT00waDdubGZmQ2xhVzRTQQ?oc=5,Sữa tươi sạch TH true MILK: Top 10 “Tin dùng Việt Nam 2025”  Vietnam.vn,TH true MILK,"TH true MILK, sữa TH"
"Sữa tươi sạch TH true MILK: Top 10 ""Tin dùng Việt Nam 2025""",12/22/2025,Thương gia,news.google.com,https://news.google.com/rss/articles/CBMioAFBVV95cUxOTHpsSzQycTRQdjJ3cmRTQUo3bURFMy1ua1dSQjNYX0QxeUR5XzM1TVJkc3dRS3pDWUZUOENuWG1CZ0N0dXhEem9EUVRXU3BnNE5aR1p1a0J4ZFlyeURhVUZfVEpqQzZ2TjhyN09HOW80S2xKVVBLUXhBOFRraDVGRmJJRWRqN2I3U1dpeS1FaHZGLWhGV0RkQ043bHBGUW5m0gGfAUFVX3lxTE1WdFp6T1pVbEQ5ZEtkcGJlLUp2Mk9jWG9mZ2N6WUxPUWdKTF8zTE5xeEF2OWdIc2xZRlMwaTFxbHBwMmJJUnl0Z18wR3Y5NkhjeVpwVlN4OTJFX0tRWjY2TTQ5ZWhyR2hnVUlLc0hILW1zdV9Xd3ZXRThLRlJsQVRXVk9yUXZyUWY5Y3ZraG9tVE8wODhQdGJaZmR0b09Oaw?oc=5,"Sữa tươi sạch TH true MILK: Top 10 ""Tin dùng Việt Nam 2025""  Thương gia",TH true MILK,"TH true MILK, sữa TH"
TH true MILK 'trình làng' kỳ tích mới tại triển lãm 80 năm thành tựu đất nước,8/28/2025,Báo điện tử Tiền Phong,news.google.com,https://news.google.com/rss/articles/CBMisgFBVV95cUxQZG1YMDVDVll0Q2JZc2QyNkpJLThLTTJHaTdlc01QSnhkdDYyekdzanA0YVFnSDVwQzhuNFNxUXVqZU9nVkk4aDlxaDUtR0lIbktqQWNDS2llWGd1OE1yM2QyTGd4RnQzcV9TQmlWY0hLblZURzJrODllSW1aZWNxV3k3WjhYTTljODI0QktQNG1VMjJfNzFaRS05aUFMa2JLX1NWcWt2ZHNXOEFPU2huYXNB?oc=5,TH true MILK 'trình làng' kỳ tích mới tại triển lãm 80 năm thành tựu đất nước  Báo điện tử Tiền Phong,TH true MILK,"TH true MILK, sữa TH"
TH true MILK minh bạch chuỗi giá trị khi tiếp cận nhà mua quốc tế,9/8/2025,Tạp chí Kinh tế Sài Gòn,news.google.com,https://news.google.com/rss/articles/CBMilwFBVV95cUxObUNDNVdrVV9VSFF2MGtnZWhSRFY2d1NUTmNqdDhzdVVMVk1KZHpWNXpsUFA2RGRORmtTX1E0ek4tOTBCdERZRXBqNFUwWG9xUVZodTVRMnlwMmJSaEt0aEVncDBYa3poc0FvVlVDOHhhaE5FWC1vN3hxQ2tJYmE2XzhacWFuLVc5SE5XWHZPNnVxUVQ0OGlZ?oc=5,TH true MILK minh bạch chuỗi giá trị khi tiếp cận nhà mua quốc tế  Tạp chí Kinh tế Sài Gòn,TH true MILK,TH true MILK
Bắc Ninh: Vinamilk và TH true MILK cạnh tranh Gói thầu cung cấp sữa học đường hơn 1.700 tỷ đồng,10/8/2025,Báo Đấu thầu,news.google.com,https://news.google.com/rss/articles/CBMiywFBVV95cUxNbGdOUUYwazZiY3AydXBHRnlLbWpfZFBSTXRIaE4xSmFOVnlxUUU3cFhwNHZKLXJXOXJfRks4ZUJtaml3NjFfNlcyTUJPUklqQjVrNjZVMTlmOTRreTJxSVdzdGdxclc5VFlrNkZFQkxTeVNlUW9aZUk4Q1ktSGo4VGdGOXhudVJacTZkbVFGVHdnektsVzZlOUVIOGlqX09nak9PVW16Qk8weWs1ZklMTS1GbFNwTmM1VTRSQUYxbjNEaFhWa1I0M2NDTQ?oc=5,Bắc Ninh: Vinamilk và TH true MILK cạnh tranh Gói thầu cung cấp sữa học đường hơn 1.700 tỷ đồng  Báo Đấu thầu,TH true MILK,"TH true MILK, sữa TH"
TH true MILK và khát vọng tự chủ nguồn sữa tươi nguyên liệu cho Việt Nam,8/14/2025,CafeF,news.google.com,https://news.google.com/rss/articles/CBMisgFBVV95cUxPaDZlOExTQlFzcVVNalp6Vk9wM1I1Q3JBR2swblctTW5ReGNtX3dtS2p4Vng4RWdHYktfWXVoTVhOY0Y4cFlkUWNnaXVJSGRycDN1ZTF4bUdnSVhYNmJUdmhXc2FKVzJGbkUxeVZHR1lRVlRORFYyMGZXYXVpWHp2aHZYeXVUWHNGTU9yMVVOSHM4WHJCSWc4ZlhtOWVMc2N3Q0RlOHFJMXRGVHBiTGZyNUxB?oc=5,TH true MILK và khát vọng tự chủ nguồn sữa tươi nguyên liệu cho Việt Nam  CafeF,TH true MILK,TH true MILK
"TH true MILK ra mắt sữa thanh trùng mới: tươi, sạch, thật sự thiên nhiên",7/5/2025,Báo VietNamNet,news.google.com,https://news.google.com/rss/articles/CBMirAFBVV95cUxPN1R5aVYwR2Mwc3lidGdWVzlPSmxDX2k2MWh5WHNQbmRlMk1ZZWpxTDRXd05JTWNpXzZpQ1hnM3E5SzNPeWdBdGRFX2ZyN0JOUklvYzZBYXNaVHhQY191MVNSOGFNYnNVOTctNXZSNTllSE5zblBnanRJWkUtbkE3WmNSajBwREVKVUNaeE1KUER0MFV0VGlKM2pDRjhSazZDeDlTLXJPTThhUElz?oc=5,"TH true MILK ra mắt sữa thanh trùng mới: tươi, sạch, thật sự thiên nhiên  Báo VietNamNet",TH true MILK,"TH true MILK, sữa TH"
Những cỗ 'siêu máy' trên cánh đồng nguyên liệu 8.100 ha của TH true MILK,9/12/2025,Báo Nông nghiệp và Môi trường,news.google.com,https://news.google.com/rss/articles/CBMiswFBVV95cUxOejA5RDRSVWp2TTJkcWRNanhlSUdTeU5rMmtSVGNaWUttOXBPaGRGdEkwSlpGWkZGdHFMSmhsSGJDTklONWtLUUQ0UWdTdmZjU2tEd1VRRWQxRmZKZWlfcDRscVBidEdrZnNsYm1icXRteDQ1WG1uUmJSZ1dwWGUxalFxeHBGdHkwWVRESDNLRXE2ZnhnazBhWVlGUFZVQjBHU2pVeExITHBzc3p3ZTVjeks2NA?oc=5,Những cỗ 'siêu máy' trên cánh đồng nguyên liệu 8.100 ha của TH true MILK  Báo Nông nghiệp và Môi trường,TH true MILK,TH true MILK
TH true MILK – ứng dụng công nghệ blockchain truy xuất nguồn gốc sản phẩm,8/29/2025,Trung tâm Nội dung số và Truyền thông,news.google.com,https://news.google.com/rss/articles/CBMiuwFBVV95cUxOYXVjSVNLelJYUV9xem1pdnZxTlF2eXRfVV9JamdmcGhTUEYtMHY4M1hMV2tRQVdnT2U3RXZOcGNSR2hfVnlFXzdBcmpUbGFIektOUHRhdXJCNm5WTnV2VTQwcVo0UEVFb2NDUlo0QUgySjRaeW1VdVR3MVItYjF1RzVSRU41VXBfUFlLMmc2c0w2QWlVUE11aEJCeU5ZeWFjckZUV3VqZ202T2NJa1I4QlFnRkpCOFlEV213?oc=5,TH true MILK – ứng dụng công nghệ blockchain truy xuất nguồn gốc sản phẩm  Trung tâm Nội dung số và Truyền thông,TH true MILK,TH true MILK
Bức tranh thiên nhiên ngút tầm mắt chỉ có ở nơi sản xuất sữa tươi sạch TH true MILK,12/30/2025,hanoimoi.vn,news.google.com,https://news.google.com/rss/articles/CBMitgFBVV95cUxQZGd1MEc1eXBkOUZhTHJISEdmQTFvRWI0U0pIbVYzaFlSUzJ4MHZMaUE4d1FWaUlfSFYwMVhLeUxya1g4X01GNzNfcUZMd1ptX3puc3JWWHdCNF9ZeDVjanc3M3RnTnFUUXF6cXBmMURPR3M5dmM2S19lMTEtY1RuYWlRTGpjQjhJZ1RBSUpvUlAyRmtNRjVSYkI4RjlCWUpTTHFYbHZoN29wX3VtSG5yWXZVd21CUQ?oc=5,Bức tranh thiên nhiên ngút tầm mắt chỉ có ở nơi sản xuất sữa tươi sạch TH true MILK  hanoimoi.vn,TH true MILK,TH true MILK
TH true MILK minh bạch chuỗi giá trị khi tiếp cận nhà mua quốc tế,9/8/2025,Nhadautu.vn,news.google.com,https://news.google.com/rss/articles/CBMingFBVV95cUxPdjV3QUVqdkc1UGMtRnJTS3JqdEVsLTUzcHI3d0hVME9Tajc0ZFJ4S1ctWVRWeGppXzB0enZQa244WXBhNWp0djZrLVFEajV6RFpkem44amU3cGpGZzhCSm9Rc0wtRjJiU2ZUSE1EMUFZY05TRHo1LVRFcndXRU5mQmpja2ttQ0s1TjJtY3lXNkI2dzUyRlNUai14eXFCZw?oc=5,TH true MILK minh bạch chuỗi giá trị khi tiếp cận nhà mua quốc tế  Nhadautu.vn,TH true MILK,TH true MILK
"Thủ tướng Phạm Minh Chính khen Vingroup, Vinamilk, TH True Milk, ra chỉ đạo về hạn ngạch phát thải với Thép, Điện ngay trong năm nay",1/15/2026,Chứng khoán DNSE,news.google.com,https://news.google.com/rss/articles/CBMihwJBVV95cUxOMms5RVJOVjFIbjFfa1dwcFpCVGtTMHpYeHdUNkpVODFjRktiMHk2N2g2OWZicjJmdlJuVldMc0tyMy10eHNfZ0ZDejdpdlRJSUlWd205Q3hOZEdlYnlDU19IamFNSUdsQTg0ZEF2U3Nqc3Mzb1dBVG5XZUVPeUYyRmFzQWJka0g0TGJIbHp1UldSR2RFQXFwYnRhQ2tFOUI0TWZycndpWFRjdDN6d3Vhbm13RHVCMkU4eW1zbThENG5YSnZrX0k1dm5HWXpJVzZCamxuQXVaa2p2Z1R4cWZrU1JMVlVlV2dVMmJOeEFqdkp3N2F2OHpIaUVFTjJiZXdhOXpFd3gzWQ?oc=5,"Thủ tướng Phạm Minh Chính khen Vingroup, Vinamilk, TH True Milk, ra chỉ đạo về hạn ngạch phát thải với Thép, Điện ngay trong năm nay  Chứng khoán DNSE",TH true MILK,TH true MILK
"Thị trường sữa tươi Việt Nam: Vinamilk giữ 'ngôi vương' độ phủ, TH True Milk và Cô Gái Hà Lan thắng thế phân khúc ngách",12/28/2025,Báo Pháp Luật Việt Nam,news.google.com,https://news.google.com/rss/articles/CBMi8AFBVV95cUxORnZiZFU0blJrZXBpOXNCeDBJZU02YmJTMkV0M0FBdFJOakhNdmlVajVqRzJnVVhKWVp3azRaeE9OclBESjVoY0JkVmYwZzdUNzlyV0RSQ2ZCVVBBNGJ1QTZDTzNBZjhESW54RUhOa3F2Qzg3WnE2ZXdEdFhuZGwxN0l1SHNtOWpabHdsMDFhOEdlQm9nUnNkclQ5eHZFRkNsNnBwS0RkNkdGN3cwejBtSDBoMmpRSzNwWF9xWjliTk5ETk9lVUZleC0wcGNnalg2Z1lJNjdOd3Y1MkdnN0d6UUxsT1ZoMWRMZTlOMmx2ckI?oc=5,"Thị trường sữa tươi Việt Nam: Vinamilk giữ 'ngôi vương' độ phủ, TH True Milk và Cô Gái Hà Lan thắng thế phân khúc ngách  Báo Pháp Luật Việt Nam",TH true MILK,TH true MILK
Cánh đồng hướng dương gây thương nhớ ở Nghệ An: Mở đầu hành trình “từ đồng cỏ xanh đến ly sữa sạch” của TH true MILK,12/20/2025,Báo Pháp Luật Việt Nam,news.google.com,https://news.google.com/rss/articles/CBMi2AFBVV95cUxPS0d0WmFoeEhiVEdMWVE0V3RXZ2ZUSlM3ODVqWXA4Z0laYlJFRTN2UW9zMEk0MC0zeVhuaDgyanB6TXlMcExRS0o2NWJwZ2xYSFdmam1rVnBtaVNpa1FmUUM5LXc0am5JRE5NMWV3MHB0MHpQNUY0OVJsSDMyX1RlNWlRNHVFbk44azlEWmZ5YlZuVDN1Q3hlejRYVGJPbUVnMDNVUFpVWGYxODJTTDk0Z2VUYlBoTTlPUF8wLVJiVFA2ZmN4Rk9mNy00ZHZLVDBhOTBiUXFKcmU?oc=5,Cánh đồng hướng dương gây thương nhớ ở Nghệ An: Mở đầu hành trình “từ đồng cỏ xanh đến ly sữa sạch” của TH true MILK  Báo Pháp Luật Việt Nam,TH true MILK,TH true MILK
Nhà máy sữa TH true MILK tại Nga: Năng lực và sự kiên tâm của một thương hiệu Việt,7/3/2025,CafeF,news.google.com,https://news.google.com/rss/articles/CBMivgFBVV95cUxNVTdJV1B5c19sLVhoR3pqOEhOaUVQR0FUa2dVN2s2ODQ0T2JtRmZWeThEWHZmc1ZGNjAxcHRHNGhjOXg3Y1A3dGNyUUp5eWYwSEVja2pEdEpZakpfcldjWnIyLXJLQnhNTngwN0tyU0k1Nk04NkRVeWJUaGh0UGtQMFYxUVM3cXVRa1M4R2IxOUpJSVN5VjFGVVpubGhWWkVyeU9Ock4yNVZ3S3FHSl9sN1V0SUhLX29KMGZYR0NR?oc=5,Nhà máy sữa TH true MILK tại Nga: Năng lực và sự kiên tâm của một thương hiệu Việt  CafeF,TH true MILK,"TH true MILK, TH true MILK doanh thu, sữa TH"
Sữa tươi sạch TH true MILK và quy trình sản xuất 12 bước tiêu chuẩn quốc tế,9/6/2025,CafeBiz,news.google.com,https://news.google.com/rss/articles/CBMiuAFBVV95cUxNTFpaOC1sejc2N3c5OEF3MmQzZl9SN2RwaG12UG5PdU1RRXlUWkxvcHg1c0JEa3pjUVlJVUxUYjlqdkxpclVpVlk3MFhZZjJ6dDl6RkxQaXJQTkRlMmZUS0doNy12VTEyY2FfU0NQdFprSzdmX1BNZ0xRaGlkTjFkMTUtZzdGRVA0SjNUTUszMGRzWFFXdkprNDIzRjI1cERFRW1ra1hINXFnNFY3aGlfQndEdFE3TzBn?oc=5,Sữa tươi sạch TH true MILK và quy trình sản xuất 12 bước tiêu chuẩn quốc tế  CafeBiz,TH true MILK,TH true MILK
Trung hòa hàng chục nghìn tấn carbon mỗi năm: TH true MILK cam kết phát triển xanh,7/17/2025,Báo Nhân Dân điện tử,news.google.com,https://news.google.com/rss/articles/CBMif0FVX3lxTE5nSDkySlVBMHZwWEJ1QUhmRFdWcC1GU1F2MlVrVUh3djdmaTk0NHZwRlNDWktHWlUtMlVtakl6MDltUkNXUk5Zd0JNdXRtMHJKbV9ZYzY4dUViSXlWdEZEU3lUdG94aGNfWkxBcHpISEE4Si1qY0o3VWN3TVpWRWc?oc=5,Trung hòa hàng chục nghìn tấn carbon mỗi năm: TH true MILK cam kết phát triển xanh  Báo Nhân Dân điện tử,TH true MILK,"TH true MILK, sữa TH"
Con chip Afitag - 'mắt thần' tạo cho mỗi cô bò sữa TH true MILK một hồ sơ sức khỏe riêng,9/12/2025,Nhadautu.vn,news.google.com,https://news.google.com/rss/articles/CBMiuAFBVV95cUxNTm1tWUVxT3RTSHdEUzBsRjVlNHV5SDdKSzFOYkdGQnBQX2UwZWpZakpJSnFaNnkzeUR5TkJkazhFUEdBZEdWa1BWbThSSi1QQ1VneHlXX0k1VVNtX3VmMHY2aFJxMHBYZk9VbW1pbFN5SkNrYV9uMFh2amhYQXFMSDNDYjFqVmJlTUprVEhDZDQtZ1p6UG1XUFFselFVWWotcWVqZWlWcGFmNWZCbEUxRmlNcTF1ZUJz?oc=5,Con chip Afitag - 'mắt thần' tạo cho mỗi cô bò sữa TH true MILK một hồ sơ sức khỏe riêng  Nhadautu.vn,TH true MILK,"TH true MILK, sữa TH"
TH true MILK: Dấu ấn trọn vẹn trong tuần lễ lịch sử của đất nước,9/3/2025,CafeF,news.google.com,https://news.google.com/rss/articles/CBMipgFBVV95cUxNQmp0bGczWWdsNVpVMmQyOTM4dWZyTml5NS1kNW5vdkY5cHc1eGZoNHJ3NnZ0Tzktc0FTZDZCQWpRSlVXVXZja2lOMEVsaFJBM2laSlZZdlRKQVJ4N3otdUhodUxMdkVfRGtaUUd1ZFIzRURtOTl2R3VoRmQzbkJfbG9RTFNzYW9EZldWYm9ZZU9zYWltOHJJU2JJQ3V5SVlqMGlYalNn?oc=5,TH true MILK: Dấu ấn trọn vẹn trong tuần lễ lịch sử của đất nước  CafeF,TH true MILK,TH true MILK
"TH True Milk xây dựng theo mô hình khép kín, từ cánh đồng đến ly sữa sạch",4/9/2026,VOH,news.google.com,https://news.google.com/rss/articles/CBMiygFBVV95cUxPU0pfbDRBUkNTcm13a2Nwa0FxYy1INllFR0ttc2FYRTltQmlNMGl6TzY3UEx1Q1JlWlVtV2FlYzNFX1AyaFVHVkdXNlBDdFBGQ2dEOV9fQ1U5X2ZkaG9QLXVmZXI0bWlkX0hmeUpCTUNoQUNpVF95c3FBN0RSSHJfbXJ6VXhuZl9LN190SlFZaTJyRlo4LXBoSklxbG1TR000Y1N4NC14cFBYU0tQZlpqYlpCdTZIQlo1SnZvV1NGVkhKZ3NNd2JYczVB?oc=5,"TH True Milk xây dựng theo mô hình khép kín, từ cánh đồng đến ly sữa sạch  VOH",TH true MILK,TH true MILK
"Hành trình 'hô biến' vỏ hộp sữa thành mắc áo, chậu cây, tấm lợp tái chế",11/6/2025,Tạp chí Điện tử Luật sư Việt Nam,news.google.com,https://news.google.com/rss/articles/CBMinAFBVV95cUxNUVVsUjVNRjZNTGt1aVU4NUNnSm5PZzNLUkk2Vk9YWE1pSDJrQTQxT2p0ejl4aEttaUR4eXRMZVhZTnFJMjN0VzU4WjNrYjM0X3hFN1FBN1dIVEFyZkhqQmxPbUdadHZxa1N1MFFXdjNDdzE4ZWJZbVJpN1REQ0dJWUk0Z09aR1F2N2pJdTVKMGdnLTJLeVZUXzhyZTk?oc=5,"Hành trình 'hô biến' vỏ hộp sữa thành mắc áo, chậu cây, tấm lợp tái chế  Tạp chí Điện tử Luật sư Việt Nam",TH true MILK,"TH true MILK, TH true MILK chiến dịch"
Cánh đồng hướng dương 'gây thương nhớ' ở Nghệ An: Mở đầu hành trình 'từ đồng cỏ xanh đến ly sữa sạch' của TH true MILK,12/20/2025,Báo Điện tử An ninh Thủ đô,news.google.com,https://news.google.com/rss/articles/CBMi5wFBVV95cUxNVk56X1Q1ZG1FWVNVd3lXV3lKV2Z2RHlFSk5TWkk4MFA1b1FkbFFLOXo0TEdnSVczdjlOSkVUeUdWQzdOczFOY05iWkpUQ242VUU1b2FsZHNSZUdrTEVFLVpNNDZIcWJpQmhSRG54Nl9WSUUxY2xsc0JETnRWb3hENXFvVVh1TWUxYlo5cEtEemFLQU9WbkxQd1RZbTUzdFBtaTNscE9aQ1hPc29hZVBIRVhYNEhJRFpkdTQwUkgyMHg5ZGhCd29uc3k4S2J5UkkyMGJuM0lfbEtjbzlIWkc4YTdCbVdlUzg?oc=5,Cánh đồng hướng dương 'gây thương nhớ' ở Nghệ An: Mở đầu hành trình 'từ đồng cỏ xanh đến ly sữa sạch' của TH true MILK  Báo Điện tử An ninh Thủ đô,TH true MILK,"TH true MILK, sữa TH"
Cánh đồng hướng dương: khởi đầu quy trình khép kín của TH true MILK,12/26/2025,Nghệ An 24h,news.google.com,https://news.google.com/rss/articles/CBMiogFBVV95cUxPVGNreDlQMGwwenpMYVJpMzVNb21OU2ItdnlCWnFLOVNNVGp1OUZYc1JPNGFfY2xCVU9xMnE3dFhrbUhrVzdKYnZjVVZGR0J4TE5qY0pqMXluX3g3THdLTktHZDFSTkJoZ1BaYVdLNm55SGZ1VW4yZnEwVmJ6VTRvdWR5dm1kNF9icFRQZ3ZTbHc1WVdXeHdFY1FoVW5rZDY5dlE?oc=5,Cánh đồng hướng dương: khởi đầu quy trình khép kín của TH true MILK  Nghệ An 24h,TH true MILK,TH true MILK
"Trải nghiệm ẩm thực cao cấp, hoàn toàn từ thiên nhiên của TH true MILK trên chuyến bay Vietnam Airlines",12/2/2025,hanoimoi.vn,news.google.com,https://news.google.com/rss/articles/CBMizwFBVV95cUxPbGF3aHpNV19KSVVtT0xuSjZyMjNKSUNmVzRJQWg1WDF0eU5hTjdHS0l5S3lST0QzUUl2LTJmemVDTGQ0aDlTLWNEVXFIUGtkWFd3dWlGTl9lX0dyMnNFU3FzN2FDeEhtWk9YaUNEWnVyN2E2NjNSVXVjNGZMVlRQVF8ycjFHUTZ2MmFCdFZNOW1RREtqd3RNOHhyNTQwV3d2VTIzQXcwOV9WV2VueWw0VDVDTV9wY2xRQmtubU9GYTVjVl8yTkVaamE4bFJBbGM?oc=5,"Trải nghiệm ẩm thực cao cấp, hoàn toàn từ thiên nhiên của TH true MILK trên chuyến bay Vietnam Airlines  hanoimoi.vn",TH true MILK,TH true MILK
"TH true MILK ra mắt Sữa tươi tiệt trùng Hương Chuối Tự Nhiên: Thơm ngậy, hoàn toàn từ sữa tươi sạch",8/20/2025,aFamily,news.google.com,https://news.google.com/rss/articles/CBMi1AFBVV95cUxONFpZbVFZcTN4a0RJc1lQcmVEOElRN0NkNTlFbndCaC1wQ192QXVBT2dVaGdtR29JTVFIeU8wYnBCOWNmd1U3RThDU1hnYlR4bFJvYjE5T2w1VTc0ZGtRVjh4U2dCdWpnckQzeGkwMGduLWg4OG5rMXpnT0loLW5aWUZPRUZBQ0d1QmY1aGpENHhtOTUtSXBBSC15NmV1eUNWb3ZjR3VTWno0TEh3eXJKZmM4OXZuNnMxTVZGSGZIanUyVTNISTJ6RTFWRTB3VGVvOHJrSw?oc=5,"TH true MILK ra mắt Sữa tươi tiệt trùng Hương Chuối Tự Nhiên: Thơm ngậy, hoàn toàn từ sữa tươi sạch  aFamily",TH true MILK,TH true MILK
"VNM: Vinamilk, TH True Milk cùng Bộ Công Thương bàn định nghĩa 'sữa tươi' - Chi tiết bài viết",8/18/2025,Vietcap Trading,news.google.com,https://news.google.com/rss/articles/CBMivAFBVV95cUxQYVotUFNzalAzRGFmYmItZzJXZFJBMzZvZFBFNFk2UlZPNXZxd2sxNnVfemZGQ2tPX25hbVFUYWNON3B2Z0M1WVhUajAzdkdZSS14b3hINXg1aTBFSGlTUmNCZkF5QlZpeWZlWDM5NGhZZE5NdW9jbG1hblhJQm0zbkpuaXVfZDE4dzR2OVlWNUZrV1oxSDk5UUczZ0N2WWhQUVo4QTFGcHVPMF9MXzlWenh5cGJjaExlWEZwMQ?oc=5,"VNM: Vinamilk, TH True Milk cùng Bộ Công Thương bàn định nghĩa 'sữa tươi' - Chi tiết bài viết  Vietcap Trading",TH true MILK,TH true MILK
"TH true MILK ra mắt Sữa tươi tiệt trùng Hương Chuối Tự Nhiên: Thơm ngậy, hoàn toàn từ sữa tươi sạch",8/20/2025,Kenh14.vn,news.google.com,https://news.google.com/rss/articles/CBMi1AFBVV95cUxNZV93d0V3ZVBuaEdSaEZGSndjZGJzRHVVUFhNNEo3SEx4Vjk1dVJ2dUtmcEVBNWlLcHFVZTJFZUU2RzZyNEFvTUxBazFTOXFmVGZfMlJBZFNkeXdOTFRwbC00cURGRk9fLV8zMlJENll4WnA3a3UtZXJmR04zUWt6WUh2WFJOQXZqSU5OUDZFazNQNUc2SFMzQUhISnVaS3FKSV9UdlpncERBeHcyRWt5cE5LTVJrQ0I5VlIzMFVWekVmdnBsMko5UXQzejRKZXFNclpOaA?oc=5,"TH true MILK ra mắt Sữa tươi tiệt trùng Hương Chuối Tự Nhiên: Thơm ngậy, hoàn toàn từ sữa tươi sạch  Kenh14.vn",TH true MILK,"TH true MILK, sữa TH"
Sản phẩm TH true MILK “cất cánh” cùng Vietnam Airlines,11/7/2025,thuonghieusanpham.vn,news.google.com,https://news.google.com/rss/articles/CBMiiAFBVV95cUxPMFI2M1NfNk81c1V3TXJWY2RKbW4tdjV6T25MVUYtRDVfYzljWjNsczdFQnNNckhKcDVyRU5KTWllSDl1ODNtTHJuYWFRLWZIUk14SGx5cnhkR3d1Y05xX3BaeVZGLWVnYXkzQmhvd0ZoS014NGUySDNrTVRfTElGWFZGMWZvMDc4?oc=5,Sản phẩm TH true MILK “cất cánh” cùng Vietnam Airlines  thuonghieusanpham.vn,TH true MILK,TH true MILK
Vinh Quang Việt Nam 2025: TH true MILK – Khát vọng Việt từ ly sữa tươi sạch,6/24/2025,Báo Công an Thành Phố Hồ Chí Minh,news.google.com,https://news.google.com/rss/articles/CBMizwFBVV95cUxNR19zUHh6bTlPR3dBNHVtTUZ6NE1uQVFuYnFjNWpiTmZtRU5sM2dQMUFnM0ZVZ2RxUVNZaldBTmIydW0zSVo5djJOSlBiY0RGdm16OTdkM091T2pvWnkzRTROUWVQM0RXeFh5Y0dQWWhNVDlUN3pUNGhGdF9aNTJ4M2FZWTg0Zzc5aWJtMmZ3QUcxdnhqY1NlQ1pfbFItaG93NTk0aUY3YzJhRldBdm1GLXl0RC1XR1ZKbjZla3pScnhDUzVFWktBZ1RxTDJVcG8?oc=5,Vinh Quang Việt Nam 2025: TH true MILK – Khát vọng Việt từ ly sữa tươi sạch  Báo Công an Thành Phố Hồ Chí Minh,TH true MILK,"TH true MILK, TH true MILK doanh thu, sữa TH"
"Chiến lược Marketing của TH True Milk ""nhắm"" vào sức khỏe khách hàng",8/6/2025,MarketingAI,news.google.com,https://news.google.com/rss/articles/CBMipAFBVV95cUxQNURBWFoxOGtLeXJqRVhzZGNGZDg4eGFaa3lSV2VOdEp1YkZkTlNaZFRQdmpKYklON1A0U2JqVmhFYVM5ZWN4UkRxakJ0R2YzbjlocWdPTXk3Nm9BbjBnRUVrcEZWTnpiRHIwMVYwUjFVTHVLaE1DbXNnQjJGTTB6T25VYTJfSDFMcXI5MWZTbHVGbEFWcTRhMll2anRPUnNpX0Y2Yw?oc=5,"Chiến lược Marketing của TH True Milk ""nhắm"" vào sức khỏe khách hàng  MarketingAI",TH true MILK,"TH true MILK chiến dịch, TH true MILK doanh thu, TH true MILK marketing, TH true MILK quảng cáo"
Khám phá mô hình 5 áp lực cạnh tranh của TH True Milk,1/21/2026,MarketingAI,news.google.com,https://news.google.com/rss/articles/CBMilAFBVV95cUxQRXFZNlVCWjhTRTNyLVVkZklNaWpWN0FKRjFFdFlic01QbWxleTk2YlpXYkRQcFhZeEJqeDhOMW5Yb0lxdENRTXI1dE81VXYwQjdUT25obXRINzFLbmlRQmc1TWRDQi1oRkFmNVUyR19YQWdrLWJJaEVqYUE4ZklYVHAyS0RjRTM0VTYycVA4dTJqMXlh?oc=5,Khám phá mô hình 5 áp lực cạnh tranh của TH True Milk  MarketingAI,TH true MILK,"TH true MILK doanh thu, TH true MILK marketing"
Giải mã chiến lược phân khúc thị trường của TH True Milk,1/4/2025,MISA CukCuk,news.google.com,https://news.google.com/rss/articles/CBMidEFVX3lxTE9KTWZjU2xpaGQ2c2dQYlhjMnEwM2NzS3FOMXJzczB6SmY2OGh0STg2V253NGowY2xSMjRmTVlWVkI5OHNXX09kZzJQczlHNzlUUlBhWTdtZVZhUWhlbFg2QmhYc050NWFXanV3aU9kX0lIOU84?oc=5,Giải mã chiến lược phân khúc thị trường của TH True Milk  MISA CukCuk,TH true MILK,"TH true MILK chiến dịch, TH true MILK doanh thu, TH true MILK marketing, TH true MILK quảng cáo"
Hệ thống phân phối của TH True Milk – xuất phát muộn nhưng chắc,9/30/2024,MISA.VN,news.google.com,https://news.google.com/rss/articles/CBMickFVX3lxTFBjVlpnZzZXY1laSWhsb25pdmpMOGIxMXFLYzVoX2IyWW9WYkRHTDlMeG5HOG92bG1SVm1QdkNIcXRXVHNuNjFDb3FFSzlGRWNPR3hyY3FZSUxuT1RReFYzTlp0R0YzRG9JUldvUklmdzlndw?oc=5,Hệ thống phân phối của TH True Milk – xuất phát muộn nhưng chắc  MISA.VN,TH true MILK,"TH true MILK chiến dịch, TH true MILK doanh thu, TH true MILK marketing"
TH true MILK giữ vững vị trí top thương hiệu được người tiêu dùng lựa chọn,6/26/2024,Doanh nghiệp và Tiếp thị,news.google.com,https://news.google.com/rss/articles/CBMixgFBVV95cUxPVWR4allDemoxUDJoazNwWE50cUZGU1Z2QkM5VTJYZGdfY3RacTB0UGlITDR2YTR4SzZEVFhwYXhKVlNQUkhYMXdFcER0WExMMnJRYmJrTG1kSm9ORGd3cVBLa293UHBUano3c3BseHAwX01ZWVBraHlCWUNtcmpSMlJNMHY4NTBUTFlDWnA4Ry12ZXhZQ1dQQUFUTWV4bGRsWFNwOVZqV2Q0ZFZVXzdpdFQ3UV85VmE2Wk1JaWlfNGVUSktlTUE?oc=5,TH true MILK giữ vững vị trí top thương hiệu được người tiêu dùng lựa chọn  Doanh nghiệp và Tiếp thị,TH true MILK,"TH true MILK doanh thu, TH true MILK marketing"
Chiến lược “giải vây” khủng hoảng truyền thông của TH True Milk?,10/14/2024,MISA.VN,news.google.com,https://news.google.com/rss/articles/CBMiekFVX3lxTE93X2t0S21NbEIwaHV4QUFuUXA5NGM3S1hXNl9zbVBHVEIxTTZwUnFVOEU5dHk0cHlEb251MXVkMTRkT000VVBNNldxYXROOF92VmY5RkRNUDA3U0pDNU5CcEJPY0pHdTljQlp5SWxUdTRPZ1NKVU1tSTR3?oc=5,Chiến lược “giải vây” khủng hoảng truyền thông của TH True Milk?  MISA.VN,TH true MILK,"TH true MILK chiến dịch, TH true MILK marketing, TH true MILK quảng cáo"
TH True Milk hay chuyện chiến lược vượt kẻ thống trị,9/11/2012,Brands Vietnam,news.google.com,https://news.google.com/rss/articles/CBMijwFBVV95cUxPcUQ3cV9OZzZmazFZZUVUUHloUnNtVDROUUhwZGkxYlBGMkhYYVFTMVI1Z0s4UjF0ZTBuVDJfWm5zSmVTR1NDN21Lb2hyMnBvLWNNbVJzT2Z5bWZHOTBUMXM0TXE1b00wZlJxaTZjbG9ta1NhWlZzOUZSUXp0UVJYMnd2My1wWEc0U0JmRDd6bw?oc=5,TH True Milk hay chuyện chiến lược vượt kẻ thống trị  Brands Vietnam,TH true MILK,TH true MILK marketing
Nghiên cứu ma trận BCG của TH True Milk mới nhất 2023,8/27/2022,MISA.VN,news.google.com,https://news.google.com/rss/articles/CBMiZ0FVX3lxTE9wT3ZiSU1ndVVYR19sZEtkYjJxRjJaVVFVd084LVNPUDNtWXdqQmphRklNZ3NKSzNXTWFGUzF4bFJOLXF2dEljR2Zhd3ZZM0lXT1BNNlQ3TDdnQ2tNWUFGRmw1aGg1SXc?oc=5,Nghiên cứu ma trận BCG của TH True Milk mới nhất 2023  MISA.VN,TH true MILK,"TH true MILK chiến dịch, TH true MILK marketing"
"Ma trận SWOT của TH True MILK ""Ông lớn"" ngành thực phẩm sữa 2024",6/2/2022,MarketingAI,news.google.com,https://news.google.com/rss/articles/CBMioAFBVV95cUxPQUxPU0R5WHRKTmhKdVg4Q1dHNUVKUzIwUkdESFh1bnVoUDRvSWN1T3VtTHEtbVU1VnNWNURIYzBuV21IZVNLZWpwNFRMeUI4TlpQU0V4a2dybTdEYVZXR0Q3eWRwTGJRd1FYVDJnOFhYNlBrVnZ2VFNQMUtwOExqTFllT0xKX0ZLQmhLbThHMVdLZFlsOTc4VUV4NUttUHpr?oc=5,"Ma trận SWOT của TH True MILK ""Ông lớn"" ngành thực phẩm sữa 2024  MarketingAI",TH true MILK,"TH true MILK chiến dịch, TH true MILK marketing"
TH true MILK giữ vững Top những thương hiệu được mua nhiều nhất 2024,6/18/2024,bnews.vn,news.google.com,https://news.google.com/rss/articles/CBMingFBVV95cUxNMXN4N2VfTDRxRFc2NFp4UW96YWNicEhlOEdIaGR2R0J3dWJldWZ6bGJROVFjUWhrRHRldjFvNEpsN1NhVHYwMmhoOVhTemNoVVdyNEJDcTJYdXNfWlo0VlI4dDgxOF93Q0FYRUU4WnBnTTUzLWZPRkVObWFabUp2Qzc1VnVwdlJabjEtY29uU2xTUm1QWmVtZFFKd08xQQ?oc=5,TH true MILK giữ vững Top những thương hiệu được mua nhiều nhất 2024  bnews.vn,TH true MILK,TH true MILK marketing
Nghiên cứu thị trường của TH True Milk: Cơ hội và thách thức,3/11/2025,MISA CukCuk,news.google.com,https://news.google.com/rss/articles/CBMidkFVX3lxTE11UkRIdDZOR0NVdW13OEt3TjRfbW9jRENRSVhaclhFM2ZmcXhVbGUxd1IzNTBxZk1TYWZpNnl1djBaOEozcm9OMEhBblF2ZjF5YjhtVkhjbnNhYzZZMnQ1QUYtRFk1dHFZcWtSYklKTjhVb1ZJM1E?oc=5,Nghiên cứu thị trường của TH True Milk: Cơ hội và thách thức  MISA CukCuk,TH true MILK,"TH true MILK chiến dịch, TH true MILK doanh thu, TH true MILK marketing, TH true MILK quảng cáo"
"TH true MILK maintains its position as one of the top brands chosen by consumers, affirming the appeal of clean, fresh milk.",6/26/2024,Vietnam.vn,news.google.com,https://news.google.com/rss/articles/CBMi2wFBVV95cUxPUld1bXRCOVF2c1BfRmM1elROQmhhNkg5MFdmMHUyZUFWYVc5SWJVMEZsU08tdXVvaG9GeXN0NW1HSk5kZnZWbXhxNm1rMEp6QnVhQzFLWDhqN05OaGpFeXNSSmdDVGF0WHJWb19HbU1nZ2hhZzRhb1dDRE0xNUUxb09qX1FHbmhYSFNpYU9NMmVhaEZyU1g2T1drRGYxbGlIaE1GS2pJSzFRcFZGSTFyN2ZZcXF6YXNqdDRqSzlJeTNPZ0dMNEdTUHZuTURVdEJDUTl1UktVRDJEMHc?oc=5,"TH true MILK maintains its position as one of the top brands chosen by consumers, affirming the appeal of clean, fresh milk.  Vietnam.vn",TH true MILK,TH true MILK marketing
Nông dân điêu đứng vì quảng cáo của TH True Milk?,8/12/2011,Báo VietNamNet,news.google.com,https://news.google.com/rss/articles/CBMiiAFBVV95cUxQNnpjTlJpRHVXSE93MlpraHV2RXNfUFNFbkdoZVduQnNrd2t5ZkJSd0xjMWNvOG9tbS1md1pucjdMTDVVbGRvZmRJZ3lUdTNQajFiT2gxNG80UDhSc0JvRFpnQzFRX1NHU3dXWmhmQy14ZjR2UEJoT012bXRhS0xMWThERTZVQzl0?oc=5,Nông dân điêu đứng vì quảng cáo của TH True Milk?  Báo VietNamNet,TH true MILK,TH true MILK quảng cáo
Quảng cáo của TH True Milk bị phản đối,8/12/2011,Tin nhanh chứng khoán,news.google.com,https://news.google.com/rss/articles/CBMikAFBVV95cUxQazREdTZMcWE2QU5XVjdvOVVLaVlwMmJQTURzaVdZdmROeTVRVTZyNC1scGtsdHprTWk5Wm05WlUtR0dUQXBKWnRqMGdBempvYy15bVBJUnFQTE41bW5icS14X1JDNklLQXJ1bndKM1kyVXhjM0lzc0xPSUhIc0Y5WmZESF8yZkVrYXpoQmdwa2TSAYwBQVVfeXFMTmtrRVc4UWIzZFVPX29rY29XbVRTbHZTN1FGZWRwODh3SHVJNVQzWVZ4SmRMUTAzNTJScEhsRjNZMWtQeVlYamM1LWtRb21BYlFsUmRuRm0tYjRGMDhMeXpMTjdZVW9MUWlNWEV3RmRZd1dOM3pCUnhqN25rNTg2a1NiSXNTNVpOc0ZBLW0?oc=5,Quảng cáo của TH True Milk bị phản đối  Tin nhanh chứng khoán,TH true MILK,TH true MILK quảng cáo
TH True Milk: Sữa sạch hay chỉ là slogan quảng cáo?,8/11/2011,Báo VietNamNet,news.google.com,https://news.google.com/rss/articles/CBMiigFBVV95cUxNTFhJOVhYcFc1Q0dXbS15ZTFjMFR5bVdxMG1GU3p0WG5PQUZ4YTE1MXE5cjRWaFRKM3pXc01UTGx4RjhLQUREaEE2b21LbWgwbmdFOV85N3RCbmFvUWJ3dGxEbnBJanBIc1dKNUxiNk03UW5lU0tyeWUyRVQxLVF5c1VSSXBzbWFmSnc?oc=5,TH True Milk: Sữa sạch hay chỉ là slogan quảng cáo?  Báo VietNamNet,TH true MILK,TH true MILK quảng cáo
"TH True Milk lên tiếng sau tranh cãi về ""sữa sạch""",12/21/2011,Giáo dục Việt Nam,news.google.com,https://news.google.com/rss/articles/CBMijAFBVV95cUxOTjBIeDV1NnBPWVdYcnpBZS0wNV9ZdFJ3dDNuUUxLM3ZzRlVtME5XejhOSFkwR01FOXVuYzZ3eVM0UlhwSlhidnhqVXRvOU9Sd203XzRKdnE4aTFkOVNzWWhPRWhua0FpSUVUOWwxckt6eXgzdnJ4NktXa0Vnb0VPNk1yS3BFa3gydnZncQ?oc=5,"TH True Milk lên tiếng sau tranh cãi về ""sữa sạch""  Giáo dục Việt Nam",TH true MILK,TH true MILK quảng cáo
Bà chủ TH True Milk: Tôi không có đối thủ !,7/31/2012,Giáo dục Việt Nam,news.google.com,https://news.google.com/rss/articles/CBMiggFBVV95cUxNbXZxYkVmZWVuLWhkNE5IZ2VyY3VHQmg2R3lGZXo2N1Nac0NoRFpfNDlCeVg2UHYzUEh0U1duU0RtVVJWZXFMNVRRQzZSZG5sOXVQa1NvQ3hqeWJtOGxhWWF5N1JQQnlJeE9BWkJ6RlF3R283WHQ0bHdDdUpxbzJiWGF3?oc=5,Bà chủ TH True Milk: Tôi không có đối thủ !  Giáo dục Việt Nam,TH true MILK,TH true MILK quảng cáo
"Khẳng định sữa của mình ""sạch"" hơn, TH True Milk đúng hay sai?",8/13/2011,Báo VietNamNet,news.google.com,https://news.google.com/rss/articles/CBMilgFBVV95cUxOZlBDRG9IUGxyakR5MFFCTHk1MEFPVmNNZmFhV1dlTkcyZnA2NW1tT3VHcHZ6aHA0d2Q0dmxmMGhpMTFmMUZuZEJiR0k5UFNPQlpMOFp0WHZ0OGQ5Z3hNM2dETzVYYmV3MXlvR3JrV2pRZk5pNW0zMmdCM0xpMHRfcWEzNXY1YlVZQVA1MF9wbTZZX2t0Nnc?oc=5,"Khẳng định sữa của mình ""sạch"" hơn, TH True Milk đúng hay sai?  Báo VietNamNet",TH true MILK,TH true MILK quảng cáo
"""Quyền định đoạt"" TH True Milk",8/17/2012,cafeland.vn,news.google.com,https://news.google.com/rss/articles/CBMihwFBVV95cUxNMzlDOUpSWEtEMmNjOHhmcHpvSmFXc2FpTmpaMEZsVDdPZ1l2b3F0WGdXa3hJZERvSHJvaFlnOWNkdFpzeFFGeTlqS2QybkZ2WWJnUW4wUFVzNG5abDZ3R1lDXzhkNGZxS0JVa08yLWlqdjVCanZpcjhhUWNvN3hsQ0FRSmtTSmc?oc=5,"""Quyền định đoạt"" TH True Milk  cafeland.vn",TH true MILK,"TH true MILK chiến dịch, TH true MILK quảng cáo"
Bà chủ TH True MILK: Tôi từ chối đề nghị liên doanh,5/16/2014,baodautu,news.google.com,https://news.google.com/rss/articles/CBMiigFBVV95cUxNZEE5ZHVwZ0dEeFV6WW9STDM1ck43dGtET1p2NGhGYVM0Q1FNT1VsZFUxR1JaQlBpLUs4OEtGeW94R28wUXFaQ1ptWlZVNmI0bUdnOGNOcjB2WmFhOEJsWEpEQTZIdjNOVFZTN0R1Q05jTGFKX3loZVNuTlJicU9mVnlyQ0d4U0UtTUE?oc=5,Bà chủ TH True MILK: Tôi từ chối đề nghị liên doanh  baodautu,TH true MILK,TH true MILK quảng cáo
"Bắt tay Fonterra, Coca-Cola chen chân vào “địa phận” của Vinamilk, TH True Milk",4/18/2019,Báo Dân Việt,news.google.com,https://news.google.com/rss/articles/CBMitgFBVV95cUxOV2dKSGlHUWlJcU1yeHBCUkJNblh4Zzhya08xMzFKMmhZZzlWRk50ZU9fLWZPX1hUUC1WajUxd0xCOXdhbV9sNVdORjdlWUJkRk90OC15RTFkSnZOMVp0UUdyaDJhcHEzU2lOSjJVZEtHcGxGXzZYaUM3ZmE2Vm5OekZXa2l0RFdHVUNTNnNsUl8zUjFTN2poVEtraFVSZWtLdnlwSm5HZ1ZFZ2ZDdldVNXhtTGdkQQ?oc=5,"Bắt tay Fonterra, Coca-Cola chen chân vào “địa phận” của Vinamilk, TH True Milk  Báo Dân Việt",TH true MILK,TH true MILK quảng cáo
"Sữa tươi TH True Milk vón cục như tà o phớ, khách hà ng hãi hùng",8/6/2014,Tạp chí Người Hà Nội,news.google.com,https://news.google.com/rss/articles/CBMinAFBVV95cUxPS0Jydi1maDhMbXQzSWlTMlVCUHVORnczdC1FZVRFSzBfMjhZVnJyMEM5aE5abS1McThoYm91S2gzU0ZTNENTZXMwbjU5T2dOVi1sdm03QVdxejAwRUF1M1dRbldNd3prOUhoTkd4LTY5N0gyZjZQcUZNZ19rbHBVTm05NF9KWDNRQTc0dExJTEhHY25veFZIdm1USVo?oc=5,"Sữa tươi TH True Milk vón cục như tà o phớ, khách hà ng hãi hùng  Tạp chí Người Hà Nội",TH true MILK,TH true MILK quảng cáo
"Lễ ký thỏa thuận hợp tác giữa Bưu điện Việt Nam và Ngân hàng Bắc Á, Công ty Cổ phần Tập đoàn TH True Milk",10/25/2025,Vietnam Post,news.google.com,https://news.google.com/rss/articles/CBMi3wFBVV95cUxPS1psR0NhempDYUg2TkIxbktQY0JmR29Id1NBaVY2ZkNKWkdpdEE1Qmh5alMyWUZsVjE5S1VmUEt1ZlUxQ3BGXzBsekdQdVMyajBIOFRwMWdPalVyQ2J2VHNlU2VXMnhMYzBxb3VCZTN2OC0tYXlMWjB5elB6aGpDQ2wyVHByTDdNZUVGb2t1NERoaTlfLURQNlpEaUhrRlNEWVhZb1l0ZXIyQXB0ZElhNUtBNTZfTy1OR2ZNdXpDcWUwbFZHQVFJbDVvdnpwZDg5R2JtLWpBSldlVDl1Vndn?oc=5,"Lễ ký thỏa thuận hợp tác giữa Bưu điện Việt Nam và Ngân hàng Bắc Á, Công ty Cổ phần Tập đoàn TH True Milk  Vietnam Post",TH true MILK,TH true MILK quảng cáo
TH true Milk ra mắt bộ sản phẩm mới,10/16/2012,VnExpress,news.google.com,https://news.google.com/rss/articles/CBMiekFVX3lxTE1weHFXVkVDcnVONkxhXzJQdngzTENGYVpXQjR4MlhMSVAzX3FZMjN2VmU1eExBUjdDVTgxVHhhYU1iWmpPcXl6LUpNWUhOczMyYlNOY0pJM1BIT0kyTGJXV3phR3dfZ3lqd1dXUVZ6Wm5QSnVTTlp6Zmd3?oc=5,TH true Milk ra mắt bộ sản phẩm mới  VnExpress,TH true MILK,TH true MILK quảng cáo
"Bài 1: Khách hàng tố sữa TH True Milk nổi váng, vón cục như “tào phớ”?",8/6/2014,Kinh Doanh Net,news.google.com,https://news.google.com/rss/articles/CBMiogFBVV95cUxNLUpzdDJhVExGckQ5UFlzYXd1RnI5SnJ6VWcwVXJFTEtBa3VGd2hoTUl1Vm5qd0JMSF9mc09wV1pFX0cwNHY3WW1hWmRuUTZua3dhQkpreEI3SWxRSldTeGpHdmdudmhTYkppV1lteHh6c29Wam5GMS1EU2g2NHB4blkzRlh5UUNEZGtZaC1yMnZ3SUowVmY0a0t1blltVTF5c2c?oc=5,"Bài 1: Khách hàng tố sữa TH True Milk nổi váng, vón cục như “tào phớ”?  Kinh Doanh Net",TH true MILK,TH true MILK quảng cáo
"Chiến dịch ‘Thu gom vỏ hộp, lan tỏa sống xanh 2024’ nối dài hành trình phát triển bền vững của TH true MILK",4/9/2024,Báo Pháp Luật TP. Hồ Chí Minh,news.google.com,https://news.google.com/rss/articles/CBMi0AFBVV95cUxONVR1Z0VCWngtNFEzWTVDcDFJeGhTWXJRTzROa1FBY0dFbF9XYXhhenI2TXBqWDJnWVZ3U0FaWEpFSHlaWkQ3aFNrTU1XTGQ4dGc1dUd2SnhIXzZ0aFE4a1pUNWwwV0VaUFFVZVoweUd1Z0xsR2tOUmh5VDVCTFFDRkpVbEN1OVVyOEN6UTQ4dmF2cHJNX0kxOVNQb0JNZHpHcmV5QjZsOHp1VzBPMTNROXE0eWw3cS1VejNFNzRYanBCV2s4bzEydjJhWklwUkta0gHPAUFVX3lxTE5tWlk4X1pFTllwM3QwNFhWZ1RYbENMYWtRVFAxZHNudnRCYU1GS2xWSVFxVHN1a0tueE5NM1QwUW9NZkEtX0s5YW84c2F5NVBmYjdFNGZXeUszUmN6RjdRc2F0UTBlSGhweVpiaVlTa1F4ZTNZNVllMVJvVnd2alJDdVF3Zl9TeFBySTNxUU9zaXpRVU9VN1NwMlctV1NpX2k5aUJaQlFzYzd4RTFnM2ozaWxLbnI5ZERXTmh2d2pOc0pfU2F3ZWFObVRNUWNzUQ?oc=5,"Chiến dịch ‘Thu gom vỏ hộp, lan tỏa sống xanh 2024’ nối dài hành trình phát triển bền vững của TH true MILK  Báo Pháp Luật TP. Hồ Chí Minh",TH true MILK,TH true MILK chiến dịch
Khách hàng cùng TH true MILK chung tay bảo vệ phụ nữ và trẻ em qua chiến dịch Tô cam 2023,1/10/2024,BÁO SÀI GÒN GIẢI PHÓNG,news.google.com,https://news.google.com/rss/articles/CBMizgFBVV95cUxQNGV5Q0hFRjVOZ2VmazIyRk1hV09HYkFrWTVTVEExOWZ3cGdrX2p0UHlkYnBBbWI1alBialJtRjhvN2pqRlk2dlVDOWRWSUxjaGZIczR4SnowTk5HYXc1YlBkVHN6S04tNlR5VnhMRVdpTlJPM0xneDNheEVkZ0VTZ2N6VDEzc2dYcWM1RXc3U3pMMWYxV3JkSXo5SHJGbWQwTWh2ZUh4U1JTaU5Qem5fWU93YUJPeVZtNFZlalczZzZ5TV83UmlGY09TcUM0Zw?oc=5,Khách hàng cùng TH true MILK chung tay bảo vệ phụ nữ và trẻ em qua chiến dịch Tô cam 2023  BÁO SÀI GÒN GIẢI PHÓNG,TH true MILK,TH true MILK chiến dịch
Hơn 300 nghìn vỏ hộp sữa và chiến dịch lan tỏa sống xanh của TH true MILK,7/14/2022,Báo Pháp Luật TP. Hồ Chí Minh,news.google.com,https://news.google.com/rss/articles/CBMipwFBVV95cUxPd19ibURhRDVHN2p5RklBeUs4ZFhTX0NERmFBa2FPenJnRWszOVFfeENRWFNOdS1GWG1wc1Yzb0tRZWhkV1E1T2FfUVVHajB3RDF0MVdMcE5YVFhEZnZJb3l6WWxpMlpJemNxZnlaYWZTQnRPQ2N5UGluUGdCYlVqNEFmanAyY01GbldDYjNHdVBDYkx5elpDcVhjcWJfUmlwN2NIVjZXa9IBpgFBVV95cUxQaDF2S3RnVGdXcm9CZHExTEhIcGpEdFdtU3Nlck9heGotMkF3dE5VOXBSQ2h1SEg3anRKVEZBYTJZNVdNNmtyc2tqcU1aTXp0WGpzQTkxSVhmeEdLQllWcHRxYUZ5SjNndkNtWnhYNWtFWWJXb3ZndHp2MHBzNU5pbG9UQXNmSWRYRnkybE4zTld5cUJqWjhPZldYUl9yMnRmN3g5eGR3?oc=5,Hơn 300 nghìn vỏ hộp sữa và chiến dịch lan tỏa sống xanh của TH true MILK  Báo Pháp Luật TP. Hồ Chí Minh,TH true MILK,TH true MILK chiến dịch
TH true MILK: 1 triệu ly sữa tươi tiếp sức đẩy lùi dịch Covid-19,4/3/2020,Dân tộc và Phát triển,news.google.com,https://news.google.com/rss/articles/CBMisAFBVV95cUxQRzRaVFp1cFl4UzRWdjZHRTZ4MFZZRk9qcTBWNlBxanVPY0czcklIcWtOQ00yejNEX3JPb2E4cmFYbzRMU3NmQmdJckVvZVVhdEdqemFfNHF3aHZSVjRZU1F5WFRneWRnZ2ZORGZIeTFoRDZJQnNSYXR4UElJQnUxbEl0eVVrLWhIN3E5TlRnN1lERGN1QW1qRDBXeEUxSjNiRUVGM3J4aC0taS1Zd3h5dA?oc=5,TH true MILK: 1 triệu ly sữa tươi tiếp sức đẩy lùi dịch Covid-19  Dân tộc và Phát triển,TH true MILK,TH true MILK chiến dịch
"Giới trẻ hào hứng “Thu gom vỏ hộp, lan tỏa sống xanh” cùng TH true MILK",5/21/2024,Báo Công an Thành Phố Hồ Chí Minh,news.google.com,https://news.google.com/rss/articles/CBMisAFBVV95cUxPTU5HcTBzdHNsY0FucHg4STNLMW1uUkZCdnpzRHhzUmJBMEFpQ0ZyR0dCem1odnN5cExFUllLVjBCUmdNRHppX0VVNzBac3FGSnFYV2hNMjc0MHRsLW0xVDdwNTJmbF92UmVTd2l4MkVTWHJrNTllUTk5bG9jQk9wRzd4VWVYaDNLOXNoamRURjhPV2hyeG4tU2NmX3V5LXJlS2ZqOUpCaE82cGFIeHF5UA?oc=5,"Giới trẻ hào hứng “Thu gom vỏ hộp, lan tỏa sống xanh” cùng TH true MILK  Báo Công an Thành Phố Hồ Chí Minh",TH true MILK,TH true MILK chiến dịch
"TH true MILK thu gom vỏ hộp sữa, lan tỏa lối sống xanh",4/20/2022,Báo Đại biểu Nhân dân,news.google.com,https://news.google.com/rss/articles/CBMimAFBVV95cUxQVmtUTzVNTGZaM0xhSlUxQU1Id090RlQwclhNWl9RZlJaMGNYdS0zTU9LdTNYdHA2MzFkNTBFOTgtbUJvR05RdnlwWlJhclpLUHlLeVNISnY5ZTNyb0lQc1RIRGpZeDlPeTdqTWptR1JSWk82WkJDVFdnc3BxdVg2RkNqMTRDVURCeWMtNEJCdzBheF9xT21IQg?oc=5,"TH true MILK thu gom vỏ hộp sữa, lan tỏa lối sống xanh  Báo Đại biểu Nhân dân",TH true MILK,TH true MILK chiến dịch
"TH true MILK tặng 30.000 sản phẩm đồ uống tốt cho sức khỏe, chung tay đẩy lùi Covid-19",5/8/2021,Tạp chí Điện tử Luật sư Việt Nam,news.google.com,https://news.google.com/rss/articles/CBMiwAFBVV95cUxPU0xFOWJPNWdfX0dWQU5UcjMzNjNoVzFuUFZkeWdrejdwTUk4N2ZwZXBFWXlUemdOOFpzSmxNbFIxV2tvNWxCNXk1RWc3aF9LVEx1R01WWVJ3NmIzYlRUMF9mMmZFWkYzemVBSWtMeDlRa2hMUDNoTVdfQkc3VjZOcEhmeEtUdXVPeExMMmZFS0RTMDhVRFEzd0VXNlBiWThFb2VtZmp4UzFvN0d4RkZBZWh6dVNmdExUc0ZyNk8tU3Q?oc=5,"TH true MILK tặng 30.000 sản phẩm đồ uống tốt cho sức khỏe, chung tay đẩy lùi Covid-19  Tạp chí Điện tử Luật sư Việt Nam",TH true MILK,TH true MILK chiến dịch
"Tặng 1 triệu ly sữa tươi TH true MILK, chung tay đẩy lùi dịch Covid-19.",4/5/2020,Cổng thông tin điện tử Tỉnh Nghệ An,news.google.com,https://news.google.com/rss/articles/CBMiyAFBVV95cUxONDNTamxZaUVtd3JhLXgxV1h6NEo4amdYanJQckd4dXRTOHl1OUdBNlNhQWJhYTdQNHVoNjFOOVpjOFVlWUFOb0lHVEUxZzFHLXpEbU9oMjRnclBMSzBxMkR5OVBsRXlWaW81WnVWbTNoNHpBQnBlVHZYdnU0Y1pjVGJRVEhFbjltNzIxYUZOdWFrTjNwWk9ZdE8zR0ZzYzFzcldsNGowQ05KUEZfSzZYMEd0MGtGSklsZDBWUEtNYXEtejFNcW9WTA?oc=5,"Tặng 1 triệu ly sữa tươi TH true MILK, chung tay đẩy lùi dịch Covid-19.  Cổng thông tin điện tử Tỉnh Nghệ An",TH true MILK,TH true MILK chiến dịch
"Uống sữa xong đừng vội bỏ đi vỏ hộp, hãy đổi lấy quà từ TH true MILK",4/22/2022,Laodong.vn,news.google.com,https://news.google.com/rss/articles/CBMivgFBVV95cUxQOVZDd19IcTEzM1JLM1RCdmxKNGRsTmJjWEJlOUYtSk9jc1BMc0Eyc0VldDZmd3RfWHdlaUxLRXUtQTRHdlZ1Vlpka21FbmlUcDJvTkItb1lWU21taE1hMl8zNENDTEE5N09pT0RlYXdwbXVOa01YNkxKc1BoY2M2WW9TSGhPWU9wNms2NGF4QmFpMldCUkhpYWJELTVoeDRSRzNCcHU1YlV1WGpJdGNXMTdzV29yT2ZHcjdPYWRn?oc=5,"Uống sữa xong đừng vội bỏ đi vỏ hộp, hãy đổi lấy quà từ TH true MILK  Laodong.vn",TH true MILK,TH true MILK chiến dịch
"Triển khai 2 chuỗi sáng kiến thường niên, TH true MILK chung tay vì một Việt Nam xanh, sạch",5/9/2025,Báo Dân Việt,news.google.com,https://news.google.com/rss/articles/CBMivwFBVV95cUxNMWVmd3ViU3dLdkVOMU94REZzeUF5TFMyYllua0dKdjFpR2tjem1IVGRROG9yVncwSUxmZmd2UGVxcXczTE8wVUoyTXMxWWRVYjVoRkx5STU3VG44aEMxai1tdTkybTBCemQ5TzBvZDFjVnZsNVcycDhKWkV6a003amNqeHhUQjV1UVNZVFZ1MUYxdnFGbzBHVGp1TF96TGZWaEFJMU1wUElkZDBZREFlakZ0dEJkSGdDTlMwYi1WZw?oc=5,"Triển khai 2 chuỗi sáng kiến thường niên, TH true MILK chung tay vì một Việt Nam xanh, sạch  Báo Dân Việt",TH true MILK,TH true MILK chiến dịch
TH True Milk tặng khách hàng dùng thử hai sản phẩm sữa chua mới,8/13/2015,Báo Dân trí,news.google.com,https://news.google.com/rss/articles/CBMivAFBVV95cUxQSVZSTUtudG81QWdxMEU3VXJGNW5leGxfakJPeEF3NnIyVkxsUU1NdXZQZ2JIQUlCUjN5bTItRGNIZFNUQWxfRVgyWDI3VVhLQ2QzWUpoMFV4ejNWRnpSLW53eVdUdl9Rd2tRT2hlbnNBeDlyc3hET0VMVldVdHNoYV9FUGVERklmQTZzMFRuT2lHVUZCYWhqbU9wM0xWZkVMREtrbXlNRlA5cWM3a3VSM2Jkd0pLeThkQVA4Mw?oc=5,TH True Milk tặng khách hàng dùng thử hai sản phẩm sữa chua mới  Báo Dân trí,TH true MILK,TH true MILK chiến dịch
"Uống sữa xong đừng vội bỏ đi vỏ hộp, hãy đổi lấy quà từ TH true MILK",4/22/2022,Dân tộc và Phát triển,news.google.com,https://news.google.com/rss/articles/CBMitwFBVV95cUxNczF0X0hCLThwdVJkN2ZHX2hiTllRME50Wndna3hiaVM3eFY4VjIwLUNvTUR0WmRZMlhZbU8wS3p3Mm1KUXFoa25nRTNyeG9na0lWOUg3elRNS3NVQlVUaThPSHBVYUdvcWstTEtOaDl5SVk4eE04NTF0dHFLOGVRMjl3bXBXVWtXVno4Y2JxN1BteGNpY2Y4eGdSeXQxX1BfM2M0RGZ3MjZqSlJxcHlnZmVJd3VyZmM?oc=5,"Uống sữa xong đừng vội bỏ đi vỏ hộp, hãy đổi lấy quà từ TH true MILK  Dân tộc và Phát triển",TH true MILK,TH true MILK chiến dịch
TH True Milk tiếp tục đồng hành cùng Sữa học đường tại Nghệ An,3/7/2017,VnExpress,news.google.com,https://news.google.com/rss/articles/CBMingFBVV95cUxNSVBtREg0d29OX0xSQmpmVi02YWI5NDlkc3dNREp5dXpac3BWNjZzaGxNdU9SU09FVGJ3X00yLURYMGYtR2l3aGItSGp4RlZySWJfWFNNcXRsSjlqYzRTVV9QeHBDTkRlY1hwZXhJWHMwRXlzR0JtVW0wNGttZGx0VnN5WlM1ZVZiRHBkSGg4TkQxckQ1bVJEbXREamNUZw?oc=5,TH True Milk tiếp tục đồng hành cùng Sữa học đường tại Nghệ An  VnExpress,TH true MILK,TH true MILK chiến dịch
"TH true MILK thu gom vỏ hộp sữa, lan tỏa lối sống xanh",4/19/2022,Báo Công an Thành Phố Hồ Chí Minh,news.google.com,https://news.google.com/rss/articles/CBMinAFBVV95cUxNVUhNeE4ydlQ3a2w2c3FpUGZZZGdhbU1LVVlWaEo2REllbFI3eGpkQjJTZzYyOVE4UEVETUNVdGJES0lYSkRWT0szWlAtR2RkRmN3enJVeUNIT3RuQWMyVVAxcmJEVWdHRW5hbUpNWTlXX0kwOC1yVTdmNXJLbTNsaUYxU1lGanVvbUdTXzJ2c1RjbTMxbkxDb0huQ2M?oc=5,"TH true MILK thu gom vỏ hộp sữa, lan tỏa lối sống xanh  Báo Công an Thành Phố Hồ Chí Minh",TH true MILK,TH true MILK chiến dịch
"Thủ tướng đề nghị mở rộng dự án chăn nuôi, chế biến sữa TH tại Nga theo hướng công nghệ cao",3/24/2026,baochinhphu.vn,news.google.com,https://news.google.com/rss/articles/CBMi0gFBVV95cUxOOGhSLWhGT1BGeFp2X08tSXNDSEJpcnVxd3BWR1l5S2sybmlQeUVBdURITFc3Mk5BTlNuRHVJTzBCZUNrWG9rQUZreUtMc2ZsSU51aFlMRkpNUzdJRW90UUlUSzJ4ZTdacTlGQzZJaVlqVFJTcjRENUxiTlc2VGMxQVBRTlBES2l4T2JxYXR6R29Wd2hBeHZDc3dVU2Eyel9LYkozVE52RHNNVDlYLWU2SF90bHZqZjRueXdNS19JOXZhZFQyWE11aW1RcW9yTlpIY3c?oc=5,"Thủ tướng đề nghị mở rộng dự án chăn nuôi, chế biến sữa TH tại Nga theo hướng công nghệ cao  baochinhphu.vn",TH true MILK,sữa TH
"2025: Phát triển bền vững, TH true MILK tiếp tục bứt phá",2/28/2026,Báo Thiếu niên Tiền phong và Nhi đồng,news.google.com,https://news.google.com/rss/articles/CBMikwFBVV95cUxNRGhmUmltN1NQN2R1S3ljbHdXOXdpY3RzYkdiZ1VpTU9QcTVBWWlFaTJMVWdXa19feXZaQ3RjbEJET1FsZFRiRHk3ZE9vSjZSdm40SW94ZDZ3S1JLbzV1b1loZHhZZ0xULVp0eEwzT2RydG15cThzel9meUlZVXhLNVVWSHhQVUM0MlNTb21wd3JHaUE?oc=5,"2025: Phát triển bền vững, TH true MILK tiếp tục bứt phá  Báo Thiếu niên Tiền phong và Nhi đồng",TH true MILK,"TH true MILK doanh thu, sữa TH"
Sôi nổi giải bóng chuyền tại Công ty Cổ phần Sữa TH,4/16/2026,Laodong.vn,news.google.com,https://news.google.com/rss/articles/CBMimwFBVV95cUxQNmlQZ0tDXzc1NGppNlA2b1NqSVR1bUh6TzZ2S2cwZnFfQnhCdGF5bEM4TEUyRFk2WVNnRllIb0swbnBDaGJaQkZxYVhXaVBqcjNxdi1hTWFqYWkzRHN1a01BNmprWDR1ZUdZdEVZcWtadTdsc1RGM0tKOS1GMWJZZWpTVkRndFRBZjVpUzdGUVF1YWpXRXY2UXpGYw?oc=5,Sôi nổi giải bóng chuyền tại Công ty Cổ phần Sữa TH  Laodong.vn,TH true MILK,sữa TH
TH true MILK và năm của những dấu ấn tự hào,2/14/2026,Báo Nông nghiệp và Môi trường,news.google.com,https://news.google.com/rss/articles/CBMikAFBVV95cUxPQmhZQ3JoanMtZUQ2eWJGLVB2ejRDRTAxLWtDaFR1NjREbC1sSV90ZnFFcUNoZlRsbnd1VmxZY0xSaHFaVVJSMFh5X3dxa2Z3UlB6c1ZEeHA0OWhNVU44dGJrU1BwM3J6YlkyRWpLVWEwLWNXNVA1STFsRU44SDhDNEJaTGFxTjZLODJ4VFpHLWY?oc=5,TH true MILK và năm của những dấu ấn tự hào  Báo Nông nghiệp và Môi trường,TH true MILK,sữa TH
"Khẩn: Phát hiện độc tố cereulide trong sữa The a2 Milk Company, nhà máy New Zealand lập tức thu hồi",5/4/2026,Kenh14.vn,news.google.com,https://news.google.com/rss/articles/CBMi1AFBVV95cUxOQ2o5UFRtNFRuNHgxYU43VXRYc1hCSVRhT0RGRExTQWVBemlBZkVOZXcySFdwR2lrWjJhTi1XNlhpeEVLNHpyYVpWT0RQaktRaUx3Qkk2RF9YRm56d2NTMnBZODVoNDI3RGkxNHQ1MHdaUW5wYlNHLS1yNFd5TnZaQkpuczZEbjFVb2lSamtfYThXZm81SzdkQVU4US1hR0Rwa2VxMTdPaGFzZndOVnJxQklOVHRINndoRmhicjVlUGJ1MW9DNnlOUG9aTFdDdmR2OEs1Ng?oc=5,"Khẩn: Phát hiện độc tố cereulide trong sữa The a2 Milk Company, nhà máy New Zealand lập tức thu hồi  Kenh14.vn",TH true MILK,sữa TH
Từ cánh đồng hướng dương đến khát vọng phụng sự vì tầm vóc Việt của TH true MILK,12/26/2025,Báo Sức khỏe & Đời sống,news.google.com,https://news.google.com/rss/articles/CBMixwFBVV95cUxQLU5nVWlTeVBpUkxXaWpQeVdVNy16bXBaMjdFS3NHU00xd01OUWZYekNOUF9mdHQ4N2VKZWNjSU5Dbzd4QjZTSzZ4eEE4MGtiNjVKejJvQkNHQ2NYeEZQcXlUNzlsNlRtbWxqY0M4YW1XaUZrWmdDNnp5UjFwUXYyY1ZLLS10cnl5eld6ZEpsa29OUm1jZld5RjRsblB3OHpDZGYtRWVHNDdwZ2EzV2VsTkVMd0FGcFNzbk45V0hQSnVKUUZvZFFj?oc=5,Từ cánh đồng hướng dương đến khát vọng phụng sự vì tầm vóc Việt của TH true MILK  Báo Sức khỏe & Đời sống,TH true MILK,sữa TH
Khám phá 'nhà máy xanh' TH true MILK: Từ đồng cỏ xanh đến ly sữa sạch,11/12/2024,Báo Tuổi Trẻ,news.google.com,https://news.google.com/rss/articles/CBMiqwFBVV95cUxPVVZyR2o1amg0bXBkbjRILTBwMEkxX1VRcXkwZE54djlvRjRJeFdFRzdhbENPSEFqU3dDTHFza1MxNXlKSHFqdzY5ODVBVUpCU05ZOFdqbTVxVk1oQ2pUNUg5eEJZRVpMRGZrNjFvN21BOWlYbVhsaG1MUE9ON1pGUndqYThlT2ZZakFDbFhZdkV4anRrUU4xWk1SRFZuV2NSQWZ6dVBnX2QtcFU?oc=5,Khám phá 'nhà máy xanh' TH true MILK: Từ đồng cỏ xanh đến ly sữa sạch  Báo Tuổi Trẻ,TH true MILK,sữa TH
"Phó Thủ tướng vạch lộ trình 20 năm cho ngành sữa, Vinamilk và TH True Milk đón sóng tăng trưởng hai chữ số",2/25/2026,nguoiquansat.vn,news.google.com,https://news.google.com/rss/articles/CBMi2AFBVV95cUxPUDh6TWtUZUJvV2NmTHo3RzZaYVFkWjNZVVQwSnJESVFYQWZvc0R5M0xYbEVwNEVCT1NXTXF1Vmxpc3JpLVpLWmtoNlNIa054RTdfSzh2blI1S1dESE5tSU9aNGw0eGVBRmxUa0VXSlhOME1kQUtCUF9kcm40T1hCcnJWREFPV0tYMThqV0xpQXJfWHNydGxUa0ZMTVJVQXRxSjB1clctTTJzT0V2OG1VaFJwMEgxZFl5eWxpMWE4NTRQRy1ZVThLdnJXeGxXc0l5UUJlbHFuZ2M?oc=5,"Phó Thủ tướng vạch lộ trình 20 năm cho ngành sữa, Vinamilk và TH True Milk đón sóng tăng trưởng hai chữ số  nguoiquansat.vn",TH true MILK,TH true MILK doanh thu
2024: TH true MILK tiếp tục khẳng định vị thế “Chuyên gia dinh dưỡng” trên hành trình vì sức khỏe cộng đồng,2/15/2024,Báo Nhân Dân điện tử,news.google.com,https://news.google.com/rss/articles/CBMi1gFBVV95cUxOaGhuWGQ1WVNDTHpuWlluaDFYcUtpRjlfNGhQUUlJR1dzY3dFMjA5UmpkZVV4YzVZT0psN29kd2t5YUpYWVZvVF9sUklwNjJJVjVaeHVWeWtxelBqckJQMTBWQlFka3RDemVzN3ZMbnJlSXoyRk1LWm11R0RZLTBNcXJ1SEdsWGtRc0Njck5iQjZYMm1lRDlERFJ2RGY2OGxUalR1bkptQkNjWnAxaWNBblEwMkpTLWM4ZlVzTHJTT1hrSmhidTJfeTdxQzRrRVNRekVyTGd3?oc=5,2024: TH true MILK tiếp tục khẳng định vị thế “Chuyên gia dinh dưỡng” trên hành trình vì sức khỏe cộng đồng  Báo Nhân Dân điện tử,TH true MILK,TH true MILK doanh thu
TH true MILK ra mắt thương hiệu tại Liên bang Nga,6/28/2025,Nhadautu.vn,news.google.com,https://news.google.com/rss/articles/CBMiiAFBVV95cUxQdGNuY2ZpNkVPRFFsaklSRjIyT19CRFExZnVELTd2VFZLT1FoTjQzcnBISG81WWVDY0hwS3lGM210LU14SmgxNGNFVkoxam1hVFhtYllMMkNnb2J2YzVjdVV5UnBOUFpKSGJLdV9zZWJBNk1Vb3lNS3o2eHRHSHlUNjBla0RhaW0t?oc=5,TH true MILK ra mắt thương hiệu tại Liên bang Nga  Nhadautu.vn,TH true MILK,TH true MILK doanh thu
TH true MILK năm 2023: Những dấu ấn nổi bật trong hành trình phụng sự “vì sức khỏe cộng đồng”,2/6/2024,BÁO SÀI GÒN GIẢI PHÓNG,news.google.com,https://news.google.com/rss/articles/CBMiygFBVV95cUxOa0N2Nm4yN0w3OHZSWHhQaUhaOTdwdnlQU09UQlFBdURZMWFXLTFVQmdxQklwT3FqZ1o1THNiaVpGcDNHUkZUNnUwUGRXeDNRbmxJUS1hS3Mtc0R2TG8zd0NwVm1Jd3JOdThHMFU4QXZiUU5ZUWljcmpGWG5CN0diRDgzeE85S1FVWG45cjJiZ09yMmZ3dlNlR3FyWFZrZ055QXppTU5YMHp4QW9FcThSRzRqQTFEZEwzVTgyS1FpSmg5QjJmVERLaFBB?oc=5,TH true MILK năm 2023: Những dấu ấn nổi bật trong hành trình phụng sự “vì sức khỏe cộng đồng”  BÁO SÀI GÒN GIẢI PHÓNG,TH true MILK,TH true MILK doanh thu
Dấu ấn trong hành trình phụng sự 'vì sức khỏe cộng đồng' của TH true MILK năm 2023,2/7/2024,theleader.vn,news.google.com,https://news.google.com/rss/articles/CBMisgFBVV95cUxNM1B4MWFqMTNER0hkMUxfdk02cW5uYnBISUN4cEZnQk5qUkh6TFZ6VTlwMlRqeEJjMXRYVnFxMXBfUVFWVjZEWGlrYUU3TEh3aXlNZkxLdGxoQThOa3dIOTBJSFdjaWx6MXdMMXprWjVtSkRVZmYwLU5QbndsSnprck9HQXQxRmE3Q0JVRE1SeG9FaWIwcllHZVgwZzY5OUplWkJFQ1lqdW9yYUdxeTJxY1Fn?oc=5,Dấu ấn trong hành trình phụng sự 'vì sức khỏe cộng đồng' của TH true MILK năm 2023  theleader.vn,TH true MILK,TH true MILK doanh thu
TH true MILK đạt top doanh nghiệp Thương hiệu mạnh Tăng trưởng xanh 2024,10/18/2024,Báo Thanh Niên,news.google.com,https://news.google.com/rss/articles/CBMitwFBVV95cUxPOTVleVRwWFZOem9qOWhfajlSY0RrYlhFWi1UblhieVFKYldadVBIQkZSdHY1emJYdzZXWXVLUXU0MkdGZVVyY19jRDN0VzV3bUt1aWhBbnhKd0tVbDBqNURlazkzaTRfRU9UclVfVEMzT1lucVFWWFFDZFBibHd4SDZwcDBySFdVYWMyWlFYQmJxSmtMMXRmWWF1MGZaUkZGSGxnNnNyaG1iYU5TSnNXVEVhOGxiSjA?oc=5,TH true MILK đạt top doanh nghiệp Thương hiệu mạnh Tăng trưởng xanh 2024  Báo Thanh Niên,TH true MILK,TH true MILK doanh thu
TH true MILK đạt Top Doanh nghiệp Thương hiệu mạnh Tăng trưởng xanh 2024,10/21/2024,Báo Nông nghiệp và Môi trường,news.google.com,https://news.google.com/rss/articles/CBMitwFBVV95cUxPcW5JT2Rfb0FqR0FtQUtYZlM3WXJNMkRFdzBSNEF2aEhfZFk2T3FxYUI1VmQyQjdsdmxadEZ6bmRPdi1QZmZZeWpaR1NDNktKZG9NTkVPazNEVENQTk1pQm12X1A2UHpNOWlYT1dua2RWS1FDV1UtU2RjVUIwLS1nU3ozMm1pN2Z5anI3MEFOeV9TT1d5S1Q2QWY4ckRTdllMeXJRQjR2OHVPalFjWnozSlpuZlB1SVk?oc=5,TH true MILK đạt Top Doanh nghiệp Thương hiệu mạnh Tăng trưởng xanh 2024  Báo Nông nghiệp và Môi trường,TH true MILK,TH true MILK doanh thu
TH true MILK từng bước chinh phục thị trường tỷ dân,9/25/2024,Báo VietNamNet,news.google.com,https://news.google.com/rss/articles/CBMilAFBVV95cUxOTG5DMlpIUy03bUNidFUzREdTaHA4a01QbXhoUUNCTW55TFFMUXlNM3NlTDJYWlVhTUFPOGl5YklXZlp6VzN0bml5ZkdmVU9BcVhuOTROMGJyVmdvbU92NTZrYUIxYTJxRk1IU3VOa0dmcmx5Umdlam42NE9WbFVVRUtMVndQbVhjVlFjZFV1VUtISERF?oc=5,TH true MILK từng bước chinh phục thị trường tỷ dân  Báo VietNamNet,TH true MILK,TH true MILK doanh thu
TH true MILK vào top Doanh nghiệp bền vững Việt Nam 2022,12/3/2022,Tạp chí Kinh tế Sài Gòn,news.google.com,https://news.google.com/rss/articles/CBMiiwFBVV95cUxON1ZkcmlnN0w2OGRKTkZRTndveEpiZHdmLXJCOERCSEo0SlpsSjROa2pUaDQyelBvZ1VFYVdXenJqVUtZY2QxUlZhT1p6NDRZVkxhTG9fWnZtQm9CU21WSF9FejFXU014amJJRG5ZZFVrVjg0T21JaDZvUFRZekIyY0VsdDJYZDhMdUhF?oc=5,TH true MILK vào top Doanh nghiệp bền vững Việt Nam 2022  Tạp chí Kinh tế Sài Gòn,TH true MILK,TH true MILK doanh thu
Những dấu ấn nổi bật của Tập đoàn TH true MILK,2/6/2024,bnews.vn,news.google.com,https://news.google.com/rss/articles/CBMigAFBVV95cUxQZW4yUmFRNmdQUzlpTWNIZWNvU2tfT3hqdFNyVFRtSWdhSE4tREZDZWkxNzd3N0FjSmgyWThHelc1OWpaOGZGQTJveG1mOVQ1RW5JTnNlSEZLTGtoMDhSeERhUmVrTXlheW9YQm5oMno2S2FSQ0FSZXhHbk8tOWJVTA?oc=5,Những dấu ấn nổi bật của Tập đoàn TH true MILK  bnews.vn,TH true MILK,TH true MILK doanh thu
"TH true MILK vào top ""Doanh nghiệp bền vững Việt Nam 2022""",12/2/2022,Báo Dân trí,news.google.com,https://news.google.com/rss/articles/CBMisAFBVV95cUxPRlNrUjNMa3FQMGd2VTlXTlVXbzZ3c0ZZZEhVb1hocUpkU09Kek9VdlM5cU9Da3pJOXQyb3duS3FWR0ZxMDdlUmgtYl9mV3ZkVHFWLUhrSXhYdnN4VDNHQWVvU25ZMWF2RVFzaHZPQXB5ODcxUXNjWDMwWURNOFNndEd4UFNoYmtteWRJZUdRdjJ4eERZT01xTnZadTFGQVFmdGplSmliNmJINl9IYnp0VQ?oc=5,"TH true MILK vào top ""Doanh nghiệp bền vững Việt Nam 2022""  Báo Dân trí",TH true MILK,TH true MILK doanh thu
TH true MILK chính thức vận hành nhà máy sản xuất sữa tươi tại Liên bang Nga,5/11/2025,Báo Công an Thành Phố Hồ Chí Minh,news.google.com,https://news.google.com/rss/articles/CBMi1AFBVV95cUxNTWd5WDZWSzFCZTMydGtrQ3B0eXJtNTJOLTlYVDQtYXY2aTR2YWlKZkFPbDZZY1pqbHVEcVh4LWxGd2ctZ0xOa2dnUS1LZHcwX2RPTmF2Q1lLR0JmSVpXSUk1UkRCT29RSmp0NWtXR2VOTkV0cVQwYWJkeUllWlM5TlR2cFlRSDRtdFo5V1hVNlVtTzI2Tm01Z0ZDclYzOFFqbnpaMmhtSzZDZjM4WXdPOUpzYjc3Y25OWHZUYVhBU2Z3ekVtUm13LTlacmpCNjJjdWwwUA?oc=5,TH true MILK chính thức vận hành nhà máy sản xuất sữa tươi tại Liên bang Nga  Báo Công an Thành Phố Hồ Chí Minh,TH true MILK,TH true MILK doanh thu
TH true MILK chia sẻ về thực thi ESG tại Diễn đàn Kinh tế tuần hoàn Việt Nam 2023,11/20/2023,Báo Công an Thành Phố Hồ Chí Minh,news.google.com,https://news.google.com/rss/articles/CBMiwgFBVV95cUxOTkdqbExoMjVpbmZwakhvcGdNX2RkVGRsZENKeXRBMExIVlMzV2ZmODktZEVxUXpMeWVHRGpQcERMM1Y3a2VlNXV6cUFqRjAzQzdKT2RyTEtsWVVCX1d0LWVTengydER4TWJzbnc0bzF1dXdhSVQyVmFramZBT21NYTBuMVBTWXVjWENDcVQ5ZTNmc2dNdzlmbllmaEhFTDRKZ1RURGt3bllfRllEdnFpQlNUdFhMclptXzJCN2dCLTdNUQ?oc=5,TH true MILK chia sẻ về thực thi ESG tại Diễn đàn Kinh tế tuần hoàn Việt Nam 2023  Báo Công an Thành Phố Hồ Chí Minh,TH true MILK,TH true MILK doanh thu
TH true MILK: Tự hào về doanh nghiệp Việt Nam tạo ra sản phẩm với những giá trị thật cho cuộc sống,8/20/2024,BÁO SÀI GÒN GIẢI PHÓNG,news.google.com,https://news.google.com/rss/articles/CBMi0wFBVV95cUxNQkpTekpiTmVJY1RZU0ctTDJpbEE3c2JQa1g1RmE0dnhZUHgzUVY2aXdkT2FtU3hXT19Wb2UwYmJyWGhiVzc3UVlwZHhyNEU0NkRYLTdWRHJLWXdZZHpUS1FTMUIwOVlReHNZVlE3VThLc0RiLWtWNThJYTFVbFg4WTJxRFdWb080RTVtZEJaUndzbmhfQkQzLWctY21EWUM4aXhoVnd3WkhmT21mZTJoclBldnJteFRRT0xKdjRnRWpHckhRSTM4dEJYUU10NFNhMm5J?oc=5,TH true MILK: Tự hào về doanh nghiệp Việt Nam tạo ra sản phẩm với những giá trị thật cho cuộc sống  BÁO SÀI GÒN GIẢI PHÓNG,TH true MILK,TH true MILK doanh thu
"Tập đoàn sữa TH chuẩn bị xây nhà máy hơn 6.000 tỷ đồng ở Bình Dương, giai đoạn đầu sản xuất gần 70.000 tấn sữa",4/28/2025,CafeF,news.google.com,https://news.google.com/rss/articles/CBMi4AFBVV95cUxNT0VBTkNTNC04TjNoWEtPbTJMNjFQUzFMeVBkZFRBejJ3TU1ialVfUE9FMDJ2dS1qYzNHNW0zcGhtVjRTQXBRMXFvR3ZRcl9JbnA2TUxYT3FHMk5yc1FIREJRQ0JnSnBrUlR1dWNUOS1NNklYQjhiZTJWc2FoYzF4SlUydVh3OUEzRGVxeXJxSjhSYVA4a2lRYTRwTzFFQW1NenJkcGhsQTl3emxOSXJUbUw4YXU1U3VLak5xSm9HaVJZdldEUF9tUnZQbkVESzlXUGVrSzZRN01PcURxc1lpVA?oc=5,"Tập đoàn sữa TH chuẩn bị xây nhà máy hơn 6.000 tỷ đồng ở Bình Dương, giai đoạn đầu sản xuất gần 70.000 tấn sữa  CafeF",TH true MILK,TH true MILK doanh thu
TH true Milk tái chế hàng tấn vỏ hộp sữa thành vật dụng,12/27/2024,VnExpress,news.google.com,https://news.google.com/rss/articles/CBMilAFBVV95cUxNUGwwV244Y0gwaTNrNG5LR09hSDdpT28yMnJkblVLQlpKRDdZSUh2U2ZVZjNnQ0xrSVpadG42TWlZMmdxckw2c3d6bV9nNlllMHRYWHRJR3BxZmhhclVNaS1nR3czSUVWalNPbzlQZ3hBQ29qZzh1S01SVy1yZ0tiVmlHc1RjOHE2WDJiRWl1c3RkblRU?oc=5,TH true Milk tái chế hàng tấn vỏ hộp sữa thành vật dụng  VnExpress,TH true MILK,TH true MILK doanh thu
"""Thu gom vỏ hộp, lan tỏa sống xanh"" và nhận quà cùng TH true MILK",8/24/2023,CafeF,news.google.com,https://news.google.com/rss/articles/CBMipAFBVV95cUxPcUZsYnNkVE0yb3NtdEN5TXhhT2RIRDFtRmdldDV4T2FxT0dTZnR2dnVaYzE5VVNTRmJPM3JpTlFZRklhR1hTOGJiUVFveUNkelVEYlFHTkpyc2hBTFF0a3ZmNVNfQ3JDeXVuY2ZKU1dTa2NtTXp2ZG92UFp6UXAxZ0ZYYU1LdWVXMmtnY1RWb0tNX1FxOWJYYVFGcXEtRmZCWklxMQ?oc=5,"""Thu gom vỏ hộp, lan tỏa sống xanh"" và nhận quà cùng TH true MILK  CafeF",TH true MILK,TH true MILK doanh thu
Sữa tươi TH true MILK: Luôn trong top được người Việt ưa chuộng nhất,10/11/2023,VOV,news.google.com,https://news.google.com/rss/articles/CBMisAFBVV95cUxPc0FCTGFTTW40cGVWek95cEE5T1RPUzlwbE10ZVJBRnBrNTBvTXREellvUzNfdV9lazV5U3pyV25nV2RON2xwWWxERHB5ZE9IZTlLQ2RnUGRaZ05DVjhYcmVPM2VpWFk0bzBMZ0h2U18xOUlzYVlhT18wUFRUME92MjB6RWZUSFQ1Ry1USnhjT09ZX01uVlU1X3RlX25rM29BUURIYUxHUkk0ai1MaXpZMg?oc=5,Sữa tươi TH true MILK: Luôn trong top được người Việt ưa chuộng nhất  VOV,TH true MILK,TH true MILK doanh thu
TH True MILK: Ly sữa từ trái tim ngày càng đầy!,7/19/2021,reatimes.vn,news.google.com,https://news.google.com/rss/articles/CBMijwFBVV95cUxPOXlKdzMtUmN0Y3pkU0hIZHJyVmdPX19JblBWTUMxMFdJbG5KYWNPY0E3elBqa2pWV3NERk5ROFYyaDZTNXlsVnFHb0tsbjdyQnI0Uk1RTkloQUZCaVRqa1lpM3JxLVlvT29TejBVS3ZZZTNnalV5QmY4Zjl4Sk1XUUx0ZjU3ZTduV05IMlI2cw?oc=5,TH True MILK: Ly sữa từ trái tim ngày càng đầy!  reatimes.vn,TH true MILK,TH true MILK doanh thu
TH true MILK tiếp tục đồng hành “Vì tầm vóc Việt”,11/26/2023,VOV,news.google.com,https://news.google.com/rss/articles/CBMirAFBVV95cUxQSkg4eG5tNEhyRklsSF9Hb2JBazQ2dkZHT3Itc3N1VVpOc3hra0Y3REhsVFpSWDRGdkM3Zzd3QmRDM0pIc0JFcmpjOGRaUDRmRFRsd3VjeFZ4RDhLSkhYWWNURU15WU5oWFY2RzdzMkxFNzJfelByUHFhblF3dkRLUml5bEFabVhzY1NIODJVZ2MwWmdKMUc3eUtkcW94bHF0R1B0R1hlUnVfNjZL?oc=5,TH true MILK tiếp tục đồng hành “Vì tầm vóc Việt”  VOV,TH true MILK,TH true MILK doanh thu
Công ty chứng khoán liên quan TH True Milk chuẩn bị tăng vốn gấp 9 lần,12/27/2023,Vietstock,news.google.com,https://news.google.com/rss/articles/CBMitgFBVV95cUxNQ0RZNjctTVlaUzd4Y2pTZjhsUDNJUjNZT0RsU256d3FJNl9aTlZ2V0RMbXBrZnJWdUhqWFBMS2tkZDlZdml3MnN3aWcxYncwWnRhOVB6QXN6NzdTRmwzaU5QbEF6QnMydk5YUk94V29jeHRrZ19kMEhtOHVKemR0ZHg2WVoxOWxlWXpMM2JWNzh6RVAxUXpsNS1MN01aaGl6dWVCZnEzbDkyeEM2bEVnMzIwN2NKQQ?oc=5,Công ty chứng khoán liên quan TH True Milk chuẩn bị tăng vốn gấp 9 lần  Vietstock,TH true MILK,TH true MILK doanh thu
"TH true MILK: Sáng tạo để giảm phát thải trên toàn chuỗi sản xuất khép kín, bền vững hướng tới Net Zero",6/29/2023,Doanh nghiệp và Tiếp thị,news.google.com,https://news.google.com/rss/articles/CBMi6AFBVV95cUxOeks1RnZwWG54a185Uzlyc3VuaUJSZ0hvb1ptcHBTUlFURFB5UDktT3M0TlVacGw1VEJYQWg4Qjk3RmNGdXJNR3V4OTJCUDZIZVRIQUE5RXloMjdFVE40a21GVnRzWWhFSkVmVEpXd3Rqc19JeEIwUktKWmRYLWIwRlFYaG5Cc3ozMEt6akRDazkxV2d1LU9RUEh5cUk2YUZsUERnSjlVbzcxektxZ3c4VTBuM01rUDFTSmRWWXgwSmdvcDhkTnZaTmUwZnlsbWxHUWwtekNyZXlGWGhCemhhemFwQ3BUTXo1?oc=5,"TH true MILK: Sáng tạo để giảm phát thải trên toàn chuỗi sản xuất khép kín, bền vững hướng tới Net Zero  Doanh nghiệp và Tiếp thị",TH true MILK,TH true MILK doanh thu
TH true MILK: rộng mở cơ hội tham gia chuỗi cung ứng toàn cầu,6/11/2024,VOV,news.google.com,https://news.google.com/rss/articles/CBMipwFBVV95cUxObUJ5ZHlTM0tzMExHZE5QRXhtdl9KNWZ4NlJENDdmLXI2TktCRU4zc3IySmRTdTFMUldsQVVEOXAwaS10NzYwZGNDUjAtSjNZV1NnZWQtTkF4YlRRMHJzTzBWMV9aa2pBbVc5MGJTdGVWTi0wWWp6LUt0b0RFaExucVZlVnlMdkFqdGhzYlFSc3FVR3htNHA4VWpnSjlSMnh5cGpxQ1FfWQ?oc=5,TH true MILK: rộng mở cơ hội tham gia chuỗi cung ứng toàn cầu  VOV,TH true MILK,TH true MILK doanh thu
