Người đánh giá (Username),Link Profile,Tiêu đề (Headline),Nội dung chi tiết,Số sao,Thời gian ID,Bối cảnh (Phiên bản App),Quốc gia
Lucas Tony 2019,https://itunes.apple.com/vn/reviews/id1692238943,Chăm sóc khách hàng,"Yếu kém, tổng đài không liên hệ được 24/7, khách hàng nhận chậm sản phẩm cũng không liên lạc được cho ai",1,14095818111,1.1.134,VN
Hongatoo,https://itunes.apple.com/vn/reviews/id927873609,Tệ,"- Cskh kém
- Giao hàng trễ nhiều lần, claim thì tự ý huỷ đơn của khách
- Nhập địa chỉ vào app thì định vị nhảy cách xa thực tế mấy km, ship giao tới toàn tự ý thu thêm phụ phí",1,14078541256,1.1.134,VN
youmakemeblue,https://itunes.apple.com/vn/reviews/id1447532501,Lừa,"tải app cho khách hành mới giảm 70k nhưng thực ra là áp voucher tối đa 70k, và voicjer cũng k áp được :))))",1,14075297466,1.1.134,VN
Lừa đảo so xo,https://itunes.apple.com/vn/reviews/id1703111927,App đặt hàng như cc,"Mua trên app như cc , vậy mà tồn tại được hơn 17 năm.",1,14059433427,1.0.132,VN
Vnm quá tệ,https://itunes.apple.com/vn/reviews/id1459751817,App và CSKH của Vinamilk cực kỳ tệ,"- Tự huỷ đơn mà ko hề thông báo.
- Đơn hàng đã thanh toán nhưng bị huỷ từ phía cửa hàng. Vinamlik giữ tiền hàng của khách, đến ngày thứ 15 khách phải gọi hotline hỏi mới được hoàn tiền. 
- Đơn hàng đặt hẹn 5 ngày không giao. Ngày thứ 6 tự huỷ đơn với lý do “khách hàng yêu cầu huỷ”.  Quá ngang ngược. 
Chưa xứng đáng 1 sao nha Vinamilk",1,14052900907,1.0.132,VN
munlunar,https://itunes.apple.com/vn/reviews/id355645013,"Apps lởm, dịch vụ đặt hàng trên app siêu chán","Apps lởm, dịch vụ đặt hàng trên app siêu chán. Đặt hàng từ 3/5, hẹn giao 6/5, mãi không thấy giao hàng, luồng cskh theo dõi đơn hàng thì ko thấy thông tin, lại phải đi search google tìm tổng đài, vào apps thì lỗi k tra cứu đc đơn hàng",1,14040070349,1.0.132,VN
Thephuong2014,https://itunes.apple.com/vn/reviews/id703314457,Tích điểm,Nếu tích điểm không có thời hạn sẽ tốt hơn để có quà cho bé. Tích điểm sẽ biết mua chính hãng VNM,5,14039868050,1.0.132,VN
perfectcomment,https://itunes.apple.com/vn/reviews/id802899150,Lỗi đặt đơn,Cứ đặt đơn xong là lỗi,2,14038007437,1.0.131,VN
Người mua hàng@@@@@@@()-)(,https://itunes.apple.com/vn/reviews/id1840084999,Ở đà lạt nhé,Đặt giao sữa không giao tự ý huỷ với lý do giao không thành công xem lại cách làm việc tự ý huỷ trong khi đó chưa hề giao hay gọi,1,14014926296,1.0.131,VN
Phước thảo ca,https://itunes.apple.com/vn/reviews/id1126401121,Quá ngáo điểm,Cái con gấu bông thích chắc cả năm không đủ hạ điểm xuống xuống cho người ta có động lực cái coi con T uống ngày 5 hộp mà cả năm chưa được,1,14005443004,1.0.130,VN
Iuhuyy,https://itunes.apple.com/vn/reviews/id1530063256,CSKH quá tệ,"Thiệt sự rất che dịch vụ CSKH bên này luôn á 
Quá mức tệ hại",1,14004535220,1.0.130,VN
Hạnh199@,https://itunes.apple.com/vn/reviews/id1554052443,Như cu.t,Không nên tải thêm nặng máy.. mất thời gian tích điểm xong đặt hàng cả tháng nó mới ship..,1,13983559424,1.0.127,VN
Học sinh nào,https://itunes.apple.com/vn/reviews/id1600844487,Như cứt,Hút tiền là chính,1,13981974139,1.0.127,VN
avrilxvxx,https://itunes.apple.com/vn/reviews/id932090193,App crash lock luôn ip,Trải nghiệm quá tệ,1,13977892144,1.0.126,VN
Noriizme,https://itunes.apple.com/vn/reviews/id501298035,App lỏ,Trừ điểm tích luỹ do hết hạn mà k thông báo ngta để ngta sử dụng điểm. App như c,1,13964086058,1.0.126,VN
Mymymeomeo910,https://itunes.apple.com/vn/reviews/id1735509060,Quá tệ,"Kênh bán hàng rất tệ, đặt xong phải đến 90% đơn hàng đều giao muộn hơn dự kiến nhiều ngày. Lần nào cũng phải điện thoại lên giục tổng đài (mất phí) xong mới giao hàng
Hơn nữa quà tặng mua xong cũng tự ý đổi của khách, xong nhân viên thì mặc định là khách sai!!!",1,13942012699,1.0.126,VN
cụcxjccjcc,https://itunes.apple.com/vn/reviews/id1295470700,Tích điểm 3 năm xong bị trừ hết sạch,Tích điểm 3 năm xong trừ hết sạch cay thực sự,1,13935190579,1.0.123,VN
dung.x6mb,https://itunes.apple.com/vn/reviews/id646626764,Tệ,Tích điểm cả năm chưa sử dụng mà app lại xoá mất. Đúng bịp,1,13931494776,1.0.123,VN
Rangdpnh,https://itunes.apple.com/vn/reviews/id1777380849,Không nhận đc quà đổi điểm,Đổi điểm lấy quà thì đến hôm giao shipper gọi nhỡ lúc đang bận ko nghe đc hôm sau lên hệ thống thì thấy hàng đã được giao thành công trong khi mình chưa hề nhận gì luôn ( thế là mất công tích điểm luôn t ),1,13928906411,1.0.123,VN
A Hè,https://itunes.apple.com/vn/reviews/id1223713852,Rất tệ,"Mua mấy chục triệu đồng, tích điểm cho đã, đổi voucher đi sử dụng rồi báo là chỉ áp dụng mua online trên app hoặc một vài cửa hàng. Vậy đổi voucher làm gì. Nhắn tin tặng voucher cũng không xài được. Mua bán mà lừa dối khách hàng bằng câu chữ như vầy thì thôi. Quá tệ, bán đã mắc hơn TH, dịch vụ hậu mãi cũng thua xa TH",1,13917073156,1.0.123,VN
huyencoii,https://itunes.apple.com/vn/reviews/id907031703,Tích điểm cho cố chưa kịp xài đã hết hạn trừ hết,"Đáng lẽ nhưng điểm hết hạn phải đổi sang voucher cho khách hàng để họ dùng. Nhiều lúc bận không có thời gian check, đến khi lấy ra xài thì bị trừ hết. Thôi dẹp mẹ cái tích điểm dùm cái",1,13916863449,1.0.123,VN
dịcxjjenejsis,https://itunes.apple.com/vn/reviews/id1660022314,lừa đ,ô đm không đổi quà mà vẫn bị trừ điểm đeo’ hiểu làm ăn kiểu gì . Ăn bao nhiêu đó điểm có giàu lên không ấy nhỉ . 1 lần cào có 10 điểm mà lấy hết của ngta 100 mấy điểm.,1,13913898779,1.0.123,VN
HoangTram2356,https://itunes.apple.com/vn/reviews/id580647630,Tệ hại,"Đổi điểm xong báo lỗi, không hiện mã giảm trong phần quà đã đổi nhưng vẫn trừ điểm của khách, gửi phản hồi không được giải quyết, rất ức chế, sẽ chuyển qua thương hiệu khác",1,13910643197,1.0.123,VN
"Mr.Tino,",https://itunes.apple.com/vn/reviews/id1591432861,Mình đặt hàng online từ hôm 22/3 mà 5 hôm vẫn chưa giao hàng cho mình,Dịch vụ giao hàng chậm chạp kém,1,13904021212,1.0.122,VN
trang3189,https://itunes.apple.com/vn/reviews/id1534860049,tính năng,"làm ăn đối phó, tính năng không cập nhật địa điểm, phản hồi không giải quyết cho khách hàng",1,13895524271,1.0.121,VN
Tạo trần...,https://itunes.apple.com/vn/reviews/id1801801899,Rf,Quá tệ,1,13882068719,1.0.121,VN
Nttvaj,https://itunes.apple.com/vn/reviews/id1415538799,Quá tệ,"Ít quà, đổi quà phải ra cửa hàng không thì lại mất ship. Tệ",1,13875204776,1.0.121,VN
hoangnnu13,https://itunes.apple.com/vn/reviews/id430901850,app lỗi khi đổi quà,"tích luỹ điểm k dùng dc, bấm đổi quà là vừa bị trừ điểm vừa báo lỗi error gì đó xong điểm tự trừ luôn mà k thấy nút quà đã đổi ở đâu hết",1,13866786414,1.0.121,VN
adn193849493,https://itunes.apple.com/vn/reviews/id1376565026,Mua hàng,Đặt hàng k giao tạo ra cái app này lmj,1,13853513831,1.0.120,VN
Vinamilk ko đặt đc,https://itunes.apple.com/vn/reviews/id922253647,App lỗi,"Kiểu gì cũng ko đặt đc hàng, đặt shopee còn nhanh",1,13853082911,1.0.120,VN
newsfeed’s,https://itunes.apple.com/vn/reviews/id1647033893,giao hàng quâ lâu,làm ăn đéo gì mà shiper hỏi nhà ở đâu 3 ngày rồi vẫn chưa giao hàng. trong khi đặt hơn 1 tuần rồi mà méo thấy giao hàng. con mẹ chúng mày,1,13829134089,1.0.119,VN
Người hay dùng momo,https://itunes.apple.com/vn/reviews/id1127445660,"ship hàng gian lận, không hỗ trợ khách hàng","Tôi có mua đơn hàng và có kèm quà tặng là hộp đựng mức tết. Shipper giao hàng khi tôi ko có nhà, tôi đã ck tiền đầy đủ. Tuy nhiên khi về nhà check thì thiếu quà tặng. Đã liên hệ thì bảo hagf quà tặng là đơn giao riêng. Tuy nhiên, hơn 10 ngày vẫ ko nhận đc. Vinamilk là hãng lớn mà làm mất uy tín vậy!!!!!!",1,13808850783,1.0.119,VN
Trathinh,https://itunes.apple.com/vn/reviews/id1505014295,Chăm sóc khách hàng tệ,Feedback không nhân viên hỗ trợ và giải quyết vấn đề cho khách hàng. Sẽ không bao giờ ủng hộ sản phẩm của thương hiệu này nữa.,1,13804736942,1.0.119,VN
Mông Chà Bá,https://itunes.apple.com/vn/reviews/id1078579945,Xem lại đội dev,"Quá tệ, từ UI/UX đến lỗi tè le k mua hàng được",1,13799349439,1.0.119,VN
H-3103,https://itunes.apple.com/vn/reviews/id1895089720,Bị tráo sữa,"Mua cả triệu tiền sữa, không ngờ app lừa đảo, mua 3 thùng thì giao đúng 2 thùng trong đấy 1 thùng bị đổi samg loại sữa khác. App vô dụng bỏ mẹ luôn",1,13791409375,1.0.119,VN
t.nhung305,https://itunes.apple.com/vn/reviews/id781773383,App lag,"App lag kinh khủng mỗi lần săn sale toàn tự nhảy quà, sđt địa chỉ linh tinh, k áp voucher, k thêm vào giỏ hàng được. Cần cải thiện để có trải nghiệm mượt mà hơn",2,13784721032,1.0.118,VN
nthanhh🐰,https://itunes.apple.com/vn/reviews/id1652485871,tệ,"app lag điên, mấy lúc canh sale voucher lag không vô nổi cái giỏ hàng",1,13784613121,1.0.118,VN
Ami Huynh,https://itunes.apple.com/vn/reviews/id615903136,App mua hàng rất tệ,Đây là 1 app mua hàng tệ nhất mà mình từng thấy.,1,13776149865,1.0.118,VN
phuongnhi2005,https://itunes.apple.com/vn/reviews/id927595101,ship lâu quá,Ở xa đặt hộp sữa tưởng về nhà là ship rồi mà về mấy hôm vẫn chưa thấy giao sữa. Mà không huỷ đơn để ra cửa hàng mua được.,2,13751837328,1.0.118,VN
Truongqtan,https://itunes.apple.com/vn/reviews/id1890065288,0đ,"App siêu tệ, k tìm thấy cửa hàng, huỷ đơn đặt hàng, đổi điểm k dùng đc",1,13740938863,1.0.118,VN
thảnh qjka,https://itunes.apple.com/vn/reviews/id1262449994,K tích đc điểm,App lỗi . K tính điểm đc nữa.,1,13729663849,1.0.118,VN
Good tốt hay hay,https://itunes.apple.com/vn/reviews/id393909819,Sai địa chỉ,Đặt địa chỉ mặc định rồi mới đặt đơn nhưng thanh toán xong lại thấy đơn được giao về địa chỉ khác hoàn toàn. Shipper đến địa chỉ sai cách hơn 10km rồi nói lỗi do khách để huỷ đơn.,1,13695985323,1.0.116,VN
vuongbsvn,https://itunes.apple.com/vn/reviews/id1282551047,App quá kém,"IT doanh nghiệp lớn như VNM mà làm cái app dùng không ra gì, tìm sản phẩm ko thấy, mua ko đc toàn báo khu vực không hỡ trợ giao hàng, mà giữa trung tâm thủ đô Hà Nội.",1,13691567494,1.0.116,VN
_T267_,https://itunes.apple.com/vn/reviews/id1181738726,Ăn chặn quà,"Đặt cả sữa và đổi quà cùng lúc(quà gối chữ U), mà chỉ giao sữa, không giao quà. Luôn để trạng thái đơn giao  quà là ""sẵn sàng giao"" nhưng thực ra không hề giao. Một hình thức lừa đảo trá hình, mong cơ quan chức năng vào cuộc",1,13677793445,1.0.115,VN
User 19m,https://itunes.apple.com/vn/reviews/id1883543313,App rác,Dùng để đặt hàng mà đặt ở nội thành Hà Nội 7 ngày chưa nhận được hàng. Ra dại,1,13676188834,1.0.115,VN
Man110298,https://itunes.apple.com/vn/reviews/id566836854,Nhập mã giới thiệu của mình nha RUQEDN,Nhập mã giới thiệu để cùng được điểm thưởng ạ,5,13672655308,1.0.115,VN
Huế Hải Dương,https://itunes.apple.com/vn/reviews/id1306037765,Dịch vụ kém quá,"App k có chỗ góp ý nên phải lên đây phàn nàn chút. App gì đặt mãi k có người giao, xong lại gọi bảo cửa hàng k có người giao e qua cửa hàng lấy. Ơ thế trên app có mục chọn giao hàng miễn phí tận nơi để làm gì? Người ta dùng app đặt để khỏi phải qua cửa hàng mua thì lại bảo qua cửa hàng lấy, mất thời gian!",1,13672454272,1.0.115,VN
nhỏ19,https://itunes.apple.com/vn/reviews/id1829414894,đặt nhưng k giao hàng,đã đặt hàng mãi mới đc 1 mã giảm giá nhưng không thấy giao hàng không có 1 cuộc gọi nhỡ nào . trên app hiện giao hàng k thành công luôn . kiểu j vậy bao nhiêu lần tích điểm,1,13670852708,1.0.115,VN
dang2020@,https://itunes.apple.com/vn/reviews/id625442029,Chán,"App chậm, ko rẻ hơn so với mua tại cửa hàng",1,13670613317,1.0.115,VN
Ảtchjyfghj,https://itunes.apple.com/vn/reviews/id1882846403,ap như qq đổi điểm cho đã xong rồi ko cho áp dụng,Aap như qq đổi điểm cho đã xong rồi ko cho áp dụng,1,13669031224,1.0.115,VN
Thockun,https://itunes.apple.com/vn/reviews/id1882793018,Tệ,Có voucher đúng điều kiện mà xám hết nguyên vùng k chọn được,1,13668481720,1.0.115,VN
Như Ý !!,https://itunes.apple.com/vn/reviews/id630260733,K hài lòng,Giá cao lại mất ship. Quà tặng thì mua mới đc gửi quà :) tích điểm cũng k dùng đc,1,13666034321,1.0.115,VN
sljedghduxhd,https://itunes.apple.com/vn/reviews/id1386146905,Kém,Tích mà vocher mua hàng ngoại trừ câc sản phẩm thông dụng cần mua như sữa thì làm vocher mua hàng để làm gì? Quà thì toàn thứ gì đâu phí thời gian thà làm quét mã như meta care đc 10k vào điện thoại còn hơn,1,13664961475,1.0.115,VN
Xingfa.vn,https://itunes.apple.com/vn/reviews/id926514196,Dịch vụ quá chán,Gọi giao hàng tiếc tiền dùng sdt đầu 024 để giao như đào lửa ai mà nghe. Gọi lại sau 2 phút thì kêu ko giao nữa huỷ đơn. Làm ăn như cái qq,1,13661778376,1.0.112,VN
Metommi,https://itunes.apple.com/vn/reviews/id1281416517,Tệ,Tích đc hơn 100đ rồi tự mất tiêu hết k còn 1 điểm,1,13657301005,1.0.111,VN
người phát bực,https://itunes.apple.com/vn/reviews/id1873134499,app cùi chuối,"cty lớn mà làm cái app chả sử dụng được, cái cơ bản quét mã load lỗi ko, chưa kể mấy cái khác",1,13655353936,1.0.111,VN
mmir44,https://itunes.apple.com/vn/reviews/id1280086799,ap cùi bắp,"đưa mã mà quét ko dc, hãng cho to làm cái ap xàm",1,13655295319,1.0.111,VN
toto.tintin,https://itunes.apple.com/vn/reviews/id443030449,"App không cho đặt, sữa chua, sữa tươi bịch 220ml",Ngày trước thì giao hàng chậm. Bây giờ thì không cho khách đặt sữa chua và sữa tươi thùng 48 hộp loại 220ml. Sinh ra app để làm gì mà không cho đặt với khách ngay nội thành Hà Nội.,1,13632580850,1.0.111,VN
Châm khó tính,https://itunes.apple.com/vn/reviews/id1566276001,Tệ,Tích được cả trăm nghìn điểm xong cuối cùng điểm vứt xó không dùng dc. Mua hàng trên app k mua dc vì báo lỗi liên tục,1,13624148189,1.0.111,VN
hmuiii,https://itunes.apple.com/vn/reviews/id1447330519,Tích điểm k dc,Kém,1,13621315003,1.0.111,VN
Ldminh114,https://itunes.apple.com/vn/reviews/id1287052692,App ngu học,App ngu học,1,13613414275,1.0.111,VN
Myquang22025,https://itunes.apple.com/vn/reviews/id1273782002,Chán,Tích điểm ko vào,1,13601691896,1.0.111,VN
Hanh.Nguyen123,https://itunes.apple.com/vn/reviews/id690174158,Quá tệ,"Giao diện ko thân thiện, khó dùng. Tính năng chậm chạp. Thời gian dự kiến giao hàng chỉ để làm cảnh, ko có ý nghĩa gì",1,13600878524,1.0.111,VN
mo lỳ 🖤,https://itunes.apple.com/vn/reviews/id1143321394,Sử dụng điểm tích điểm,Đổi điểm sang vocher để mua hàng mà app tự huỷ đơn r bảo vocher đã được sử dụng,1,13571897387,1.0.110,VN
Ngngocno.2602,https://itunes.apple.com/vn/reviews/id1660656644,Cần cải thiện tính năng thanh toán,"Chưa bao giờ sử dụng chương trình ứng nào mà tệ như vầy. Đặt đơn hàng chưa khi nào đặt 1 lần mà thành công, QR thì load chậm. Load được thì thành ra lỗi. Đổi phương thức thanh toán do thanh toán không thành công thì bắt huỷ đơn và đặt lại. Refund tiền vô cùng chậm dù khách dùng ví điện tử. Tệ thật sự.",1,13562976990,1.0.110,VN
TTM209,https://itunes.apple.com/vn/reviews/id1127428240,Thêm định dạng MST mới bằng CCCD đi Dev ơi,Xuất HĐ bằng MST có định dạng CCCD không được,3,13560056101,1.0.110,VN
Tai237,https://itunes.apple.com/vn/reviews/id1303655099,App quá kém,Thanh toán bằng shopeepay qua app đợi load 1 đống bước và đợi khá lâu. App tệ khi dùng thấy phản hồi rất chậm.,1,13552517204,1.0.110,VN
Nabii_**_,https://itunes.apple.com/vn/reviews/id1565478135,Đã thanh toán nhưng không giao,"Chuyện là mình có săn mã sppay để mua hàng của vinamilk trên ví sppay của mình đã trừ tiền, bên sppay cũng đã xác nhận giao dịch thành công nhưng trên app lại hiện chưa thanh toán. Liên hệ chăm sóc khách hàng thì trả lời đang kiểm tra ( kiểm tra tận mấy ngày). Nhắm mình làm được thì hẵn tạo voucher kết hợp với sppay chứ app thì lag ngta khó khăn mới săn được mà giờ tiền thì mất hàng thì không có còn rước cục tức vào người. Công ty lớn mà làm ăn kiểu đó. Mong bên vinamilk thấy và giải quyết nhanh giúp mình",1,13548988636,1.0.110,VN
App vinamilk tệ,https://itunes.apple.com/vn/reviews/id1505439458,Dịch vụ rất tệ,"Vận hành app rất tệ, dịch vụ của vinamilk rất tệ. Mọi người đc thì ghé cửa hàng mua cho nhanh. Chứ dùng app này ko giải quyết đc vấn đề gì đâu",1,13548459568,1.0.110,VN
Lũ làm app ngu,https://itunes.apple.com/vn/reviews/id1313365680,app lỗi,"ngân hàng thì đã trừ tiền nhưng trạng thái đơn hàng thì vẫn ghi là chờ thanh toán, hoàn tiền thì lâu quá lâu, tận gần 1 tháng",1,13547901003,1.0.110,VN
Cường Architect,https://itunes.apple.com/vn/reviews/id1434718261,Quá tệ cho 1 hãng sữa Việt,Một tập đoàn cũ kỹ. chăm sóc khách hàng như quá tệ. gọi ko bao giờ có người bắt máy.,1,13544634098,1.0.110,VN
Iamqfang,https://itunes.apple.com/vn/reviews/id1768967144,🙂,"Đm app đ gì mua hàng cứ lỗi lên lỗi xuống, nhắm k cải thiện đc thì dẹp mẹ app đi bán ngoài thôi :)",1,13543035746,1.0.110,VN
hungnq031,https://itunes.apple.com/vn/reviews/id224106018,Trải nghiệm quá tệ,Mua hàng giao tận nơi thì không để sẵn giao về địa chỉ mặc định đi. Nó để sẵn giao hàng tại điểm đặt hàng. Ko chọn lại là bốc ngay. Tiền thì hoàn lâu. Mấy trăm nghìn điểm thì mất luôn.,1,13539969985,1.0.110,VN
bo tí,https://itunes.apple.com/vn/reviews/id1818303095,app chán,giao hàng lâu kinh khủng. đặt cả tuần mà vẫn trạng thái đang xử lý.điểm chả bh đổi dc quà. chỉ đôi dc điểm mua hàng. quà toàn báo hết,2,13527102636,1.0.110,VN
navi vo dich,https://itunes.apple.com/vn/reviews/id1455469920,Lừa đảo,"Thanh toan thành công mà k giao hàng, huỷ đơn k trả tiền",1,13525866275,1.0.110,VN
Long_Tran_Duy,https://itunes.apple.com/vn/reviews/id1219466649,Trải nghiệm tệ hại,Sợ hãi vì mua hàng online của Vinamilk. Hàng thì mãi không giao. Liên hệ thì không liên hệ được. Huỷ cũng không biết huỷ sao. Mua 1 lần chừa luôn. Công ty lớn mà làm ăn quá kém cỏi.,1,13523232871,1.0.110,VN
dva1310,https://itunes.apple.com/vn/reviews/id788639630,"Cần mở hotline ngoài giờ hành chính, chức năng report, đánh giá đơn hàng",Mình đặt đơn mà ko biết cửa hàng nào gửi để còn gọi giục. Con thì đói. Đơn hẹn 7:30 giao mà ko thấy đâu. Cửa hàng cũng chẳng liên hệ mình. Mình gọi lên tổng đài thì thấy báo ngoài giờ làm việc. Đơn hoàn thành cũng ko có chức năng đánh giá. Vậy các bạn lấy dữ liệu ở đâu để nâng cao chất lượng dịch vụ?,1,13516346285,1.0.110,VN
Ghét Lotte mart,https://itunes.apple.com/vn/reviews/id1348820446,App như cái quần què,"Lag điên, app ngu nhất trần đời, đơn treo đéo có option thanh toán.
Ai làm ra cái app hỏi chấm vl",1,13509430837,1.0.110,VN
Trang im,https://itunes.apple.com/vn/reviews/id1244780625,Mất uy tín,Cskh kém. Giao hàng ngày hẹn thì không thấy hàng được giao. Đổi luôn sữa khác cho lành,1,13505169090,1.0.110,VN
PhillipNg91,https://itunes.apple.com/vn/reviews/id1052225374,Thiết kế đẹp,"App đẹp, nhẹ nhàng và dễ sử dụng!",5,13504310034,1.0.110,VN
Bleevn,https://itunes.apple.com/vn/reviews/id345907857,App thường xuyên lỗi,"App thường xuyên lỗi khi add sản phẩm vào giỏ hàng, muốn mua mà cũng không mua được. VNM cần đầu tư xây kênh thương mại điện tử xứng tầm với công ty nhé.",1,13504011622,1.0.110,VN
zxvght,https://itunes.apple.com/vn/reviews/id1138819793,Tệ,App tệ hại . Hay bị đơ lag,1,13502973299,1.0.110,VN
gionnn249,https://itunes.apple.com/vn/reviews/id1119024430,Quá tệ,"đặt đơn thanh toán qr thì toàn lỗi, tự động nhảy sang cod",1,13501821884,1.0.110,VN
nsajdj,https://itunes.apple.com/vn/reviews/id667357181,lag k chịu đc,quét thanh toán xoay xong bị văng… thề 20p k hiện được cái mã để thanh toán…nên dẹp app,1,13501813731,1.0.110,VN
LuDanSoha,https://itunes.apple.com/vn/reviews/id1406285601,Rác rửi,Cty top đầu vn mà làm ra cái app rác thật sự,1,13501791357,1.0.110,VN
Kid 271196,https://itunes.apple.com/vn/reviews/id1113681797,Quá thất vọng,"Mua quá trời rồi tích điểm cho cố vô, đổi quà xong nó để ở kho đếch thèm giao, xong tự hoàn đơn. Mình mất luôn điểm. Cọc điên cả người",1,13500106401,1.0.110,VN
Người kĩ tính,https://itunes.apple.com/vn/reviews/id967381336,App lag điên,App lag lòi lìa. Xứng đáng 1 sao,1,13499107694,1.0.110,VN
ly hieu 0512,https://itunes.apple.com/vn/reviews/id976046567,Tự huỷ đơn,"Đơn mình add mã giảm giá bên SPP thanh toán trừ tiền nhưng vào app xem thì tự huỷ đơn, đã nhiều người bị như vậy",1,13498209554,1.0.110,VN
ghfjdjdis,https://itunes.apple.com/vn/reviews/id1345067328,TỒI TỆ,"SIÊU LAG, KO THỂ THANH TOÁN. VÀO QL ĐƠN THÌ DỒN Ứ 1 ĐỐNG NHƯNG CŨNG CÓ CHO THANH TOÁN ĐÂU?",1,13498182538,1.0.110,VN
ĐM Shopee,https://itunes.apple.com/vn/reviews/id598484530,Đặt hàng không giao,"Mang tiếng thương hiệu quốc gia mà làm cái app lởm, đặt hàng thì không giao, chuyển khoản trước bị huỷ đơn chờ cả tuần mới xử lý hoàn tiền, mọi người cân nhắc khi mua",1,13496567511,1.0.110,VN
luongnam1020,https://itunes.apple.com/vn/reviews/id501867642,app tệ,để đợi tích đủ điểm thì mn phải đẻ 5 đứa 1 lúc mới đổi dc nha,1,13496191933,1.0.110,VN
lẹoangl,https://itunes.apple.com/vn/reviews/id1310067056,Lag,Web quá tệ,1,13494838348,1.0.110,VN
RaeSé,https://itunes.apple.com/vn/reviews/id1059972861,App chán,"App lag thật sự, mấy tháng rồi mà vẫn chưa cải thiện tốc độ",1,13494397077,1.0.110,VN
Bsnwjsnsjsklqkshehb,https://itunes.apple.com/vn/reviews/id1367070559,App lag kinh hồn,"App lag,đặt 1 tuần không giao hàng",1,13494361177,1.0.110,VN
leomeoemodeotrungnhedm,https://itunes.apple.com/vn/reviews/id1130485334,Có tiền làm lại app không,Sao CTy lớn làm cái app mua hàng nó dỏm dữ v? Mua đồ mà load éo lên thì làm gì dc? Nâng cấp thêm băng thông server hay gì đi chứ,1,13494301849,1.0.110,VN
moneybui,https://itunes.apple.com/vn/reviews/id1003760870,App quá lag.,App quá lag. Cứ mua hàng là lại quay. Bực cả mình,1,13494296281,1.0.110,VN
tomy tran 891,https://itunes.apple.com/vn/reviews/id898113924,Ứng dụng chậm hơn cụ già,Ứng dụng như cái quần què. Yêu cầu update dù dùng wifi hay 4g cũng down hết 1 ngày cũng ko xong,1,13489920985,1.0.110,VN
thu28112003,https://itunes.apple.com/vn/reviews/id1008624793,app như bị lỗi,app gì mà không đặt không được toàn ghi voucher thất bại trong khi mình đặt hàng bình thường ko hề gắn voucher vô,2,13486526755,1.0.110,VN
Sơn Lê Công,https://itunes.apple.com/vn/reviews/id1050123429,Không thể thanh toán nổi :),App lag thật sự. Ạ ông nào làm được cái app lỗi như này,1,13470902251,1.0.110,VN
phạm huy123,https://itunes.apple.com/vn/reviews/id973416145,Khong có sao nào mới đúng,Quét 6 cái thẻ mà điểm ko lên. App phế,1,13457095400,1.0.110,VN
Khôi tài,https://itunes.apple.com/vn/reviews/id1739861886,Chán,"Không hiểu sao mình ap voucher vào toàn bị báo sai số điện thoại , thiếu thông tin nhận hàng là sao . Mình nhìn kĩ đúng lắm r :))) ai cho mình lời giải đáp với.",1,13450471013,1.0.110,VN
linhlinh07,https://itunes.apple.com/vn/reviews/id916847950,App không tích điểm,Làm chương trình nhưng không cho tích điểm. Vậy khỏi làm cho mất công. Vào đọc đánh giá mới biết không phải mỗi mình bị. biết bao nhiêu thùng mà quét mã đc 1 cái duy nhất :)),1,13443287774,1.0.108,VN
s smu,https://itunes.apple.com/vn/reviews/id1651997558,thẻ tích điểm,cho thẻ tích điểm hồi đó 24đ giờ thụt còn 12đ. mở chưởng trình mà sợ lỗ,1,13435547971,1.0.108,VN
Haubp93,https://itunes.apple.com/vn/reviews/id1085521317,Giam tiền khách hàng,Đặt đơn bị huỷ . Tiền hoàn 15 ngày . Đớp tiền khách làm việc khác,1,13434549067,1.0.108,VN
"dz,akskkdkd",https://itunes.apple.com/vn/reviews/id541405784,Kém,App gì mà chả quét dc cái mã qr để tích điểm. Quá chán,1,13427455062,1.0.107,VN
Trung.Vu,https://itunes.apple.com/vn/reviews/id1775462541,App cà quy trình bán hàng đều kém,App và quy trình xử lý đơn hàng rất kém,1,13422843079,1.0.106,VN
Kh của VNM,https://itunes.apple.com/vn/reviews/id778275768,Mình hy vọng độ ngũ IT đã và đang làm app cho VNM đọc được đánh giá này để cải thiện và thay đổi,"Mình không biết các bạn PTSP hay IT làm về app VNM có đọc tất cả các cm ở đây ko chứ riêng mình là mình đã đọc hết và mình thấy đúng. Mình trải nghiệm app mà thật sự bực mình vì mỗi lần mua hàng là nó lag, nó giựt, phải out ra vô lại nhiều lần mới mua đc 1 đơn hàng. Mình hy vọng với 1 cty sữa hàng đầu VN sẽ đứng ở vị trí của KH để thay đổi và cải thiện. Đừng để càng ngày KH càng chán và lựa chọn SP khác. Vì bây h sự cạnh tranh trong ngành sữa rất khắc nghiệt. Hãy lắm nghe KH để ko mất thị phần là cty sữa hàng đầu VN",2,13395639871,1.0.106,VN
lynhhcao,https://itunes.apple.com/vn/reviews/id1127575046,"Dịch vụ TỆ, nhân viên NGU","Chưa thấy nhân viên nào NGU như nhân viên ở đây, dịch vụ TỒI TỆ, COI THƯỜNG KHÁCH HÀNG",1,13395309160,1.0.106,VN
thunhi1994,https://itunes.apple.com/vn/reviews/id1101962041,App lỗi,Tệ.,1,13384771172,1.0.106,VN
5s break,https://itunes.apple.com/vn/reviews/id652472002,Hệ thống và ứng dụng dùng không ổn định,Hệ thống và ứng dụng dùng không ổn định,1,13383691758,1.0.106,VN
nbdbdhdjdjr,https://itunes.apple.com/vn/reviews/id686560752,App,App quá tệ,1,13383653691,1.0.106,VN
pyperry,https://itunes.apple.com/vn/reviews/id524407509,"App quá lag, không thanh toán được","App quá lag, không thanh toán được",3,13383390000,1.0.106,VN
LinhNguyen1000,https://itunes.apple.com/vn/reviews/id1022043334,App cùi,"App cùi hơn chữ cùi, tải vừa lâu, vừa chậm, vừa lỗi. Mua hàng bực mình. Dẹp luôn Vinamilk. Không bao giờ đụng tới thương hiệu này. Chuyển qua TH thanh lọc cơ thể hơn!",1,13383277968,1.0.106,VN
Người1111,https://itunes.apple.com/vn/reviews/id1455593294,Chê,App lag kinh,1,13383225212,1.0.106,VN
Zịt1406,https://itunes.apple.com/vn/reviews/id1102366536,Quá thật vòng,Làm các app dùng phát bực mình,1,13381619879,1.0.106,VN
Tuz1122,https://itunes.apple.com/vn/reviews/id1300539675,Trải nghiệm ko tốt,Đội ngũ phát triển phần mềm kém quá. Để tình trạng giật lag,1,13381411396,1.0.106,VN
Hani9408,https://itunes.apple.com/vn/reviews/id1754793774,Quá tệ,"Ban đầu 1 lốc tích được 3000 điểm, giờ chỉ còn 1000đ. Dồn được 100 thẻ mà tích k đổi được món gì",1,13380322083,1.0.106,VN
Begao2022,https://itunes.apple.com/vn/reviews/id1348696032,App bị lỗi,"Vào k được app ạ ,toàn báo lỗi",4,13378592348,1.0.106,VN
Lag vch 1,https://itunes.apple.com/vn/reviews/id1579035529,"Lag, chậm, tệ","App lỗi liên tục, ko vào để mua hàng hay đổi điểm đc. Cả 1 tập đoàn lớn mà làm cái app ko ra gì. Phòng CNTT dùng để trưng hay sao ấy. Dùng mà phát bực luôn",1,13377546595,1.0.106,VN
moimoixii,https://itunes.apple.com/vn/reviews/id1743971779,yếu,App và wed quá yếu k vào mua dc gì,1,13377178881,1.0.106,VN
Người dùng app sữa,https://itunes.apple.com/vn/reviews/id1854208149,App,App quá lag dô không được luôn cứ xoay vòng vòng,1,13377176250,1.0.106,VN
no noc52,https://itunes.apple.com/vn/reviews/id1461833702,tệ,quá lag tải mỗi cái sp k nổi,1,13377122474,1.0.106,VN
hà đõi,https://itunes.apple.com/vn/reviews/id557130134,Lag,"App lag kinh khủng, muốn mua là load mãi không xong",1,13377102991,1.0.106,VN
Bíchlai,https://itunes.apple.com/vn/reviews/id1640939327,Nên nâng cấp app đi lang vài à,Ngày sale là ko bao giờ vô đc ap,1,13376996961,1.0.106,VN
thaiminhhoi,https://itunes.apple.com/vn/reviews/id955419467,Dẹp app đi,Dẹp app đi,1,13374561301,1.0.106,VN
Vitran96,https://itunes.apple.com/vn/reviews/id1358631023,App chậm,Mua hàng mà thanh toán xoay vòng vòng riết hết muốn mua luôn,1,13373100285,1.0.106,VN
daudiemdam,https://itunes.apple.com/vn/reviews/id571945870,Lag,"Làm cái app phò vđ ra, load giỏ hàng 15p không được",1,13372901425,1.0.106,VN
HàMew,https://itunes.apple.com/vn/reviews/id1399159410,cùi,"app cùi bắp, sữa đặt ko giao
làm t phải huỷ đơn, mất mã. đợi tiền hoàn cả tháng",1,13372899598,1.0.106,VN
Hapu02,https://itunes.apple.com/vn/reviews/id1853528978,App lởm,"App chậm rì, giao diện rất kém thông minh dùng phát bực",1,13370109222,1.0.105,VN
blue294,https://itunes.apple.com/vn/reviews/id568417131,Lỗi đặt hàng,Ứng dụng dùng đặt hàng mà lỗi quá. Vô trang thanh toán nhập địa chỉ không được. Loading hoài,2,13367363307,1.0.105,VN
zacooa,https://itunes.apple.com/vn/reviews/id883042164,Tích điểm,"Tích toàn báo lỗi, không có tác dụng gì",1,13367138457,1.0.105,VN
cái máy tính,https://itunes.apple.com/vn/reviews/id1852866129,Chê,Gọi là voucher nhưng cx chả đổi đc j lúc nào vào quét mã lại phải cập nhật nặng hết cả máy,1,13362927996,1.0.105,VN
Mong kim,https://itunes.apple.com/vn/reviews/id1850503633,Tệ,App lỗi vào trang đổi quà cứ xoay load mãi không vào được,1,13337210122,1.0.105,VN
Tao nèkjkk,https://itunes.apple.com/vn/reviews/id1801105707,Tích điểm cho cố dô xong lúc nào app cũng báo hết quà k bao giờ thấy cho đổi,"Từng ngày từng ngày dô app chờ có quà để đổi mà lúc nào cũng báo hết tính ra đào lửa hay thật, vậy làm tích điểm đồ chi mệt l thật",1,13325205584,1.0.105,VN
tuannm0811,https://itunes.apple.com/vn/reviews/id331033339,Chất lượng quá kém,"App chậm giật lag, báo lỗi liên tục, load đi load lại thông tin",1,13308705100,1.0.105,VN
6139_Trinh,https://itunes.apple.com/vn/reviews/id1492815947,App gì ordered xong hàng lỗi cũng không biết kiếm ai.,App gì ordered xong hàng lỗi cũng không biết kiếm ai.,1,13307409760,1.0.105,VN
Anh 3 py,https://itunes.apple.com/vn/reviews/id1614511125,Đánh giá,"Tích điểm cả mớ dô giỏ hàng toàn không khả dụng, bọn lừa đảo",1,13307328287,1.0.105,VN
Ngọc Linh 25,https://itunes.apple.com/vn/reviews/id1846058161,Không nên dùng,"CSKH, đơn vị vận chuyển giao hàng quá kém. Đặt hàng gần 2 tuần chưa giao trong khi đã qua dự kiến nhiều ngày. Nhắn với CSKH chỉ nhận được câu trả lời chờ thêm. Lần đầu cũng như lần cuối sử dụng.",1,13289521597,1.0.105,VN
Người dùng ubox,https://itunes.apple.com/vn/reviews/id1440462947,app chán,"lần đầu tiên thấy cái app tệ cỡ này, tích điểm nhiều xong k có quà để đổi, lỗi mãi. để điểm vài hôm lại mất k lí do. Cơ sở cskh quá rề làm ăn lề mề",1,13282692537,1.0.105,VN
Jnbybfr,https://itunes.apple.com/vn/reviews/id483928148,điểm lừa đảo,tích điểm đổi voucher đặt hàng mãi không chịu giao,1,13282635309,1.0.105,VN
Gà giòn zuize,https://itunes.apple.com/vn/reviews/id1571598902,app tệ,app quá tệ .cskh kém . giao hành lâu . sẽ không bao giờ đặt lại nữa …….,1,13278132494,1.0.105,VN
Áp lỏ mới nhận xét,https://itunes.apple.com/vn/reviews/id1670759668,App lỏ,"Tải app để mua sữa có voucher giảm 100k tìm hiểu mãi mới mua được thanh toán và đã lựa chọn sản phẩm vận chuyển được . Xong shop không giao bảo hạn chế vận chuyển. Hạn chế sao còn để  khách mua vậy, các sản phẩm hạn chế trên app đã ấn không mua đc r . Tôi đã chọn sản phẩm giao đi đc r để mấy ngày xong không giao. Không giao đc sao k báo trước mất thời gian.",1,13276990096,1.0.105,VN
Thuydunhkk,https://itunes.apple.com/vn/reviews/id1605452434,Phân loại và vận chuyển,"Đặt ít đường lại giao có đường
Thời gian giao hàng quá dự kiến nhiều ngày",1,13276647081,1.0.105,VN
ưuhdjfjrkrbfjrnrifnfnfkdn,https://itunes.apple.com/vn/reviews/id934122896,Điêu ngoa,"Tải cho nặng máy rồi tích 1 lóc ban đầu đc 4000, nâng cấp nâng ơ chưa khám phá tính năng mới ntn nhưng tích còn 2000/lóc. Chán",1,13275930920,1.0.105,VN
xjutjt,https://itunes.apple.com/vn/reviews/id811988920,Đặt hàng gần tháng rồi mà chưa giao,Tạo ra app mà ko quản lý các đơn đặt hàng hay sao á,1,13264777725,1.0.105,VN
Linhnd9212,https://itunes.apple.com/vn/reviews/id156616152,Không có lựa chọn nhận hàng tại cửa hàng,"App có trải nghiệm KH tệ. Từ lúc đặt đơn đến lúc ship mất 4-5 ngày hoặc cả tuần
Trong TH gấp mua sửa cho con là chịu. 
App nên bổ aung lựa chọn KH nhận hàng tại cửa hàng để nhanh và thuận tiện cho KH",2,13264104606,1.0.105,VN
Nguoidunguser,https://itunes.apple.com/vn/reviews/id1842292242,App quá lag,thiệt sự chưa bao giờ mình sử dụng một cái app nào mà lắc như vậy luôn. Mỗi lần đợi mua hàng hoặc bấm thêm sản phẩm là cứ xoay vòng. Mình thật sự không biết là Vinamilk đã quá quen thuộc vào tình thức là offline mua hàng nên không đầu tư vào online hay sao. Sao mà mình mắc bực luôn Á nói thiệt. Đây là trải nghiệm tệ nhất từ trước tới giờ khi mình sử dụng Vinamilk,1,13248789582,1.0.103,VN
dungtran1312,https://itunes.apple.com/vn/reviews/id1379730828,Chê!,"app quá lag, khó sử dụng, trải nghiệm rất tệ, phải huỷ đơn mấy lần",1,13247010659,1.0.103,VN
liutiu9098,https://itunes.apple.com/vn/reviews/id1355805710,Quá kém,App thời tiền sử,1,13246760718,1.0.103,VN
H99999999999999,https://itunes.apple.com/vn/reviews/id1713219581,App web quá tệ,Thề mình chưa thấy cái hãng lớn nào làm app với web tệ như hãng này dùng bực hết cả mình,1,13246714963,1.0.103,VN
Mông to,https://itunes.apple.com/vn/reviews/id450079352,"App chậm, giải đáp lỗi chậm",Làm được cái app mua hàng mà lag chậm kinh. Xong lỗi tùm lum khó mua,1,13246703167,1.0.103,VN
:))))))))))))?,https://itunes.apple.com/vn/reviews/id1460439876,Tệ,Chưa thấy app nào lỏ như app này,1,13246666135,1.0.103,VN
Antiappvinamilk,https://itunes.apple.com/vn/reviews/id1841765252,Quá tệ,Đặt trên app để trừ mã tích điểm mà đặt 2 tháng trời k giao. Ủa vậy tích điểm làm j vậy vinamilk ơi. Đừng down app tích điểm làm j. Tự dưng bị lộ data,1,13243177179,1.0.103,VN
Dokimlien,https://itunes.apple.com/vn/reviews/id1327522373,Tệ vô cùng,"Hãng lớn mà cái làm cái web với app như đồ bỏ đi, đặt hàng thanh toán mất tiền rồi không xác nhận đơn hàng, mất thời gian",1,13242774955,1.0.103,VN
vfdefhhgff,https://itunes.apple.com/vn/reviews/id1437270799,k giao hàng,tích được điểm r đặt dc hàng rồi nhưng k giao nha. Biết thế này thà mua trên shopee còn nhanh hơn,1,13216211190,1.0.103,VN
cbdusbsbuxfbfufgjdnsnyxhf,https://itunes.apple.com/vn/reviews/id930687636,Không mua được hàng,Những món mình muốn mua đều ko hỗ trợ giao hàng nên ko cho đặt. Rất rất nhiều. Cực khó chịu,2,13180351423,1.0.101,VN
Linh 7892,https://itunes.apple.com/vn/reviews/id1835601786,"Đặt đơn hàng trên app từ 11/9, đến nay 24/9 vẫn chưa được giao",Đơn hàng đặt từ 11/9 nhưng không có phương án giao hàng nên cứ chuyển hết cửa hàng này sang cửa hàng kia. Không hỗ trợ khách hàng,1,13177276055,1.0.101,VN
Hnirt1995,https://itunes.apple.com/vn/reviews/id858072364,Tệ,"Tăng giá rồi còn tăng điểm đổi quà, trừ điểm rồi không nhận dc quà , gọi tổng đài nhiều lần không dc giải quết ! Chê !",1,13173255340,1.0.101,VN
Khách hàng Vinamilk,https://itunes.apple.com/vn/reviews/id1621542532,Thương hiệu lớn nhưng làm app này tệ quá,"Chi phí làm app chắc k nhỏ, nhưng k hiểu sao Vinamilk lại k làm tới nơi tới chốn. Lãng phí quá . Đổi điểm nhiều nhưng k xài dc gì luôn á. Chắc xoá app 😂",1,13152029258,1.0.100,VN
Uyuyanyen,https://itunes.apple.com/vn/reviews/id571728875,Ko đặt mua được hàng,App gì ko biết có cập nhật kho hàng ko mà ngay tttp hầu như sp nào cũng “Chưa hỗ trợ giao hàng”. Tạo cái app ko thấy tiện ích gì hơn mất công tải ko biết nữa,1,13151410551,1.0.100,VN
Sbhahsgshsgs,https://itunes.apple.com/vn/reviews/id1832829704,Tệ,Ứng dụng siêu tệ. Cskh cũng tệ nốt,1,13146711988,1.0.100,VN
aydenphongn,https://itunes.apple.com/vn/reviews/id1458598161,Lỗi tích điểm,"Mua tại cửa hàng đều đọc sdt thành viên mà không bao giờ có lịch sử cộng, quá tệ.",1,13135929474,1.0.100,VN
optimus&joy,https://itunes.apple.com/vn/reviews/id1098856358,Mã giới thiệu DJVNUF,DJVNUF mã giới thiệu,5,13134266479,1.0.100,VN
Bdgscqja dchsjbsca,https://itunes.apple.com/vn/reviews/id1610158448,Hãm,Tích điểm chán chê xong không đổi được gì,1,13131868903,1.0.100,VN
Bỉm sữa,https://itunes.apple.com/vn/reviews/id1291396562,"Quà ko có, app toàn lỗi","Vào app chỗ nhận quà toàn hết hoặc lỗi , lỗi liên tục, mua sữa tích điểm vào 1 đống mà ko dùng dc, quăng cho mâyd cái voucher chán, cả 1 thương hiệu lớn mà cái app chán đời",1,13131235303,1.0.100,VN
@lõ,https://itunes.apple.com/vn/reviews/id1824790740,sữa opptimum,bộ dạo này app hết tặng quà rồi hả,1,13128772709,1.0.100,VN
'mmmmajwksn,https://itunes.apple.com/vn/reviews/id1536097317,tệ,tích điểm để  nhìn chứ quà cứ hết vậy tích điểm chi vậy:)),1,13126242463,1.0.100,VN
Gn 1999,https://itunes.apple.com/vn/reviews/id1705586410,Giao hàng chậm lâu,Đặt hàng 6 ngày chưa giao hàng cũng k liên hệ gì với người mua,1,13119579269,1.0.98,VN
Hjdikdi cush,https://itunes.apple.com/vn/reviews/id1660101138,.,Tệ,1,13117499004,1.0.98,VN
Vvvvvanvvnx,https://itunes.apple.com/vn/reviews/id1002402499,Vi,"Quà tặng lúc nào cũng hết, lùa gà quá, mua 1 2 lần thôi luôn",1,13101462427,1.0.97,VN
Thunguyen663,https://itunes.apple.com/vn/reviews/id1548509552,Quà tang,Lúc nào vô xem cũng hết quà chán ghê á,3,13088742257,1.0.97,VN
KH 2025,https://itunes.apple.com/vn/reviews/id1186028140,Ko vào app được để tích điểm,"App gì mà toàn lỗi, tải đi tải lại bao nhiêu lần vẫn ko vào dc. Sữa mua nhiều muốn tích điểm ko tích dc qua app",1,13088576289,1.0.97,VN
Nhh03,https://itunes.apple.com/vn/reviews/id1779521430,Tích điểm nhưng không đổi được quà,"Tích điểm cho nhiều rồi k đổi được quà gì cả, vậy ra chương trình tích điểm làm gì cho mất công 🙂 chưa bao giờ vào app mà thấy được còn quà gì để đổi.",1,13088485663,1.0.97,VN
uyendoan612,https://itunes.apple.com/vn/reviews/id688923152,Chưa hỗ trợ giao hàng,Má. Ở ngay cái tp Thái Nguyên mà nó kêu ko hỗ trợ giao hàng. Chả hiểu luôn. Canh cả tháng lúc nào cũng thế bực cả mình,1,13085775698,1.0.97,VN
SouHieu,https://itunes.apple.com/vn/reviews/id1495598890,2⭐️⭐️,đổi quà toàn báo hết lượt,3,13082632768,1.0.97,VN
chuongnt2303,https://itunes.apple.com/vn/reviews/id308526711,App giao diện ko sử dụng,Kém,1,13080728031,1.0.97,VN
"Aaaasasa..,,,,,())",https://itunes.apple.com/vn/reviews/id1441049610,Quá tệ,"Đơn đặt cả tháng trời k giao, người ta có ít điểm đổi thành voucher để mua hàng rồi tự ý huỷ đơn của khách, không hoàn lại điểm, xứng đáng 0 sao, k bao giờ quay lại mua hàng của vinamik nữa",1,13030262475,1.0.94,VN
nam2133,https://itunes.apple.com/vn/reviews/id1649369586,chưa hài lòng,quà tặng toàn hết,3,13029931770,1.0.94,VN
thunguyen0305,https://itunes.apple.com/vn/reviews/id1764846671,app mở ra cho vui,"rất khó để đổi được quà, mua rất nhiều, tích điểm cũng rất nhiều, nhưng rất hiếm khi có sẵn quà để đổi",1,13022662371,1.0.94,VN
dhjoi bc,https://itunes.apple.com/vn/reviews/id1426031005,NPH như qq,Tích điểm rác rưởi của bọn vô dụng .,1,13018654177,1.0.93,VN
MyNguyen.N,https://itunes.apple.com/vn/reviews/id1752696211,Quá tệ,Phèn,1,13012718008,1.0.93,VN
Trg__,https://itunes.apple.com/vn/reviews/id1247819287,Vấn đề về giao hàng,"Đặt hàng qua app giao vô cùng lâu, k có ai giải quyết vấn đề về đơn hàng",3,13011254379,1.0.93,VN
ガ-,https://itunes.apple.com/vn/reviews/id1081928888,tích điểm đổi mã voucher,tích điểm đổi mã ok nha,5,13011048315,1.0.93,VN
Hồ Quang Cẩn,https://itunes.apple.com/vn/reviews/id996866848,Tích điểm không nhận,"Tích điểm không nhận, được mấy đầu, còn lại lỗi hết. Bịp",1,13011024913,1.0.93,VN
Bửu Ngà,https://itunes.apple.com/vn/reviews/id1382321804,Tích điểm ???,Tích điểm làm gì khi quà luôn trong tình trạng hết quà ?????,1,13010447377,1.0.93,VN
Truongtot,https://itunes.apple.com/vn/reviews/id177405929,Dở tệ,Yếu,1,13010083505,1.0.93,VN
Kiwwi638,https://itunes.apple.com/vn/reviews/id1685395043,Quà lừa đảo,Toàn hết quà. Đúng hãng lớn dùng chiêu trò lừa đảo người tiêu dùng. Tiểu nhân 1⭐,1,13010057869,1.0.93,VN
Abc1913,https://itunes.apple.com/vn/reviews/id1530032153,A,"Ap vô dụng nhất mình từng dùng,tích điểm chán chê rồi k dùng dc,vớ vẩn thật sự",1,13003155072,1.0.92,VN
lolobcs,https://itunes.apple.com/vn/reviews/id455915416,Vinamilk nên xoá app đi,"Đặt hàng trên app nhưng nhân viên không bao giờ kiểm hàng mà phải gọi hỏi xem đơn hàng đã đi chưa, đặt hàng không có thông báo nhận hàng hay xử lý dự kiến bao giờ, tự ý huỷ đơn, kiểm đơn và xuất đơn cũng rất vớ vẩn.
Thêm cái tích điểm rất ngu đần, tích đã đời nhưng không có gì để đổi. Vinamilk nghèo lắm hay sao mà không thể mỗi đơn hàng gửi tặng quà mà phải chơi tích điểm đổi quà với số lượng quà hầu như ảo và không có ? Là 1 nhãn hiệu của Việt Nam và lâu đời t thấy vinamilk nên học hỏi nhiều hơn và xoá cái app ngu ngốc này đi. Sử dụng rất bực mình",1,12999817350,1.0.92,VN
hqvsjajsbhxjs,https://itunes.apple.com/vn/reviews/id1447682113,Không thanh toán được,"Chọn sản phẩm xong đến phần thanh toán chỗ phương thức thanh toán không hiện gì, không bấm thanh toán được luôn 😭",3,12997417024,1.0.92,VN
bồn như lài,https://itunes.apple.com/vn/reviews/id1610995579,Cập Nhật hoài,"cập nhật nhiều quá, mấu lúc mất dữ liệu, cần hạn chế cập nhật nha",2,12994660087,1.0.92,VN
User limit,https://itunes.apple.com/vn/reviews/id1756841526,App lag kém,"App lag chẳng vào đc, chập chờn, kém",1,12991597243,1.0.92,VN
Linh Ya,https://itunes.apple.com/vn/reviews/id522918376,Chậm,App gì lag điên,1,12989098171,1.0.92,VN
4688!,https://itunes.apple.com/vn/reviews/id1172081280,Tệ,Tích điểm cho nhiều mà quà vs voucher toàn hết =)) rồi tích điểm làm gì nhãn hàng ơi =)),1,12987667265,1.0.92,VN
Quacmo,https://itunes.apple.com/vn/reviews/id1799215682,Phèn,Phèn,1,12985003966,1.0.91,VN
mythemoo,https://itunes.apple.com/vn/reviews/id132852094,Lỗi app,"App vinamilk lỗi liên tục, không cập nhật voucher, giỏ hàng lag. Một hãng lớn như vậy mà làm trải nghiệm mua hàng tệ quá. Rất phí",3,12983500221,1.0.91,VN
Nguoitieudung_11,https://itunes.apple.com/vn/reviews/id1528683405,App rất hay bị lỗi,"App bị lỗi liên tục, gây khó chịu cho người dùng",1,12980960292,1.0.91,VN
Sun2423,https://itunes.apple.com/vn/reviews/id1553763001,Đổi quà,Hơi buồn vì đổi quà lúc nào cũng k có :)),1,12978398461,1.0.91,VN
ynhi2,https://itunes.apple.com/vn/reviews/id1044636151,tệ quà toàn voucher,lúc không đủ điểm 1 đóng quà lúc đủ điểm rồi lại hết quà!!! mà hầu hết ngày nào cũng vậy điểm của tui để giành 3 4 tháng vẫn chưa đổi được! lúc nào vào cũng hết ??,1,12978362300,1.0.91,VN
Adumanai,https://itunes.apple.com/vn/reviews/id1604971046,Chiu,Tích điểm chán chê xong lỗi app hoặc k có voucher để đồi,1,12974839134,1.0.90,VN
Mỹ Hạnh 9992,https://itunes.apple.com/vn/reviews/id1249739651,Đơn hàng đặt qua web đã thanh toán nhưng không được giao,"Chất lượng dịch vụ quá tệ, đơn hàng đặt  qua app từ ngày 19/7, đã thanh toán nhưng sau gần nửa tháng vẫn chưa nhận được hàng, không có bất cứ tin nhắn hay thông tin nào từ hãng. Gọi điện đến tổng đài nhiều lần đều không có người nghe máy",1,12963552373,1.0.90,VN
Hoàng phương ?,https://itunes.apple.com/vn/reviews/id1662642893,tệ,tệ,1,12961976380,1.0.89,VN
Đạt nam định,https://itunes.apple.com/vn/reviews/id698444719,Tích điểm,Toàn thấy báo lỗi,1,12955046689,1.0.89,VN
chuvby,https://itunes.apple.com/vn/reviews/id571136135,Lỗi quét tích điểm,Đen xì xì ra k quét đc,2,12954993781,1.0.89,VN
Hoai 68,https://itunes.apple.com/vn/reviews/id1187880886,"App toàn bị văng ra, chương trình k ăn thua","App toàn bị văng ra, chương trình k ăn thua.
Là công ty lớn mà cái app lỗi miết, k đổi được quà.",1,12945585321,1.0.89,VN
đụckd,https://itunes.apple.com/vn/reviews/id1430759442,vinamilk,quá tuyệt,5,12938822305,1.0.89,VN
Héhhwvsxv,https://itunes.apple.com/vn/reviews/id583144751,quá tệ,"tích đc bao nhiêu điểm cuối cùng đều hết voucher, k hiểu tích làm gì? như kiểu lừa đảo",1,12935087222,1.0.89,VN
Hau 2327,https://itunes.apple.com/vn/reviews/id1600105554,App không quét được,"Quét thẻ được mấy lần đầu
Mấy lần sau là cứ lỗi với kêu quét rồi
App tệ nha",1,12926007934,1.0.88,VN
Lhkav,https://itunes.apple.com/vn/reviews/id1348919903,Tích điểm cứ bão lỗi,"Quá trời mã tích điểm, chưa quẹt được mà cứ bão lỗi .",1,12906658610,1.0.86,VN
Tẩy chay app phí ẩn,https://itunes.apple.com/vn/reviews/id485956214,App lỗi,App chưa hoàn thiện xong đã đưa ra tích hợp cùng chương trình khuyến mãi dẫn đến khách hàng hoàn toàn mất phương hướng. App cực tệ. Cần thay đổi nhà cung cấp dịch vụ làm app. Ví dụ: liên hệ Tôi.,1,12902042374,1.0.86,VN
thvann0,https://itunes.apple.com/vn/reviews/id1809967595,quá tệ,"tệ quá, lỗi miết bên dịch vụ tư vấn cũng tệ",1,12901140468,1.0.86,VN
Lynkt2,https://itunes.apple.com/vn/reviews/id1423632371,Quá tệ,Tích điểm để đổi quà mà đổi không được lại mất điểm mik đang có ❌,1,12898144371,1.0.85,VN
Kim Thiền,https://itunes.apple.com/vn/reviews/id687879714,Dịch vụ chăm sóc khách hàng trực tuyến cực tệ.,"Hot line luôn luôn bận, gọi bao nhiêu lần đều thế.
Cửa hàng tiếp nhận đơn hàng xa lắc địa chỉ nhận hàng, hàng luôn luôn giao trễ. Có đơn gần nửa tháng mới được nhận.
Chat hỗ trợ trực tuyến ngay trên app vẫn còn yêu cầu đăng nhập lại mặc dù ứng dụng đã đăng nhập sẵn.
Nói chung trải nghiệm thật tệ khi mọi thắc mắc đều không được giải đáp kịp thời. Đánh giá sau hơn 1 năm tải ứng dụng.",1,12897112796,1.0.85,VN
Moomonkb,https://itunes.apple.com/vn/reviews/id496319657,Tệ,"Tích điểm cho lắm vào toàn hết quà chẳng đổi được gì, vậy ý nghĩa của tích điểm để làm gì dạ?",1,12890401060,1.0.85,VN
Thay sua,https://itunes.apple.com/vn/reviews/id618948870,Quà đâu ?,"Quà báo hết sạch, toàn voucher tiền, mua trên sàn còn rẻ hơn nhiều",1,12873643532,1.0.84,VN
Sieumeo2910,https://itunes.apple.com/vn/reviews/id1713224187,ok,ok,4,12871102615,1.0.84,VN
Alpha_stickamn,https://itunes.apple.com/vn/reviews/id867370025,App như cút,Ngu,1,12869344010,1.0.83,VN
Thượng đế của bạn,https://itunes.apple.com/vn/reviews/id1697893839,Điểm tích lũy bấy lâu không làm gì cũng bị mất hết. Chưa kịp đổi điểm. Lịch sử mua hàng cũng mất hết,Làm ăn thiêu trung thực gây ức chế. Thiêu kênh tương tác với khách,1,12851226198,1.0.82,VN
phưnnn@,https://itunes.apple.com/vn/reviews/id1804449731,lỗi,lỗi nặng:)),1,12844060580,1.0.81,VN
Htrhj,https://itunes.apple.com/vn/reviews/id481281585,Xàm lol,"Quét bao nhiêu mã qr xong hôm sau mất hết điểm, app như lol mất công tích thẻ",1,12842195539,1.0.80,VN
..a..èn,https://itunes.apple.com/vn/reviews/id1251978102,Đơn đã thanh toán thành công nhưng app báo huỷ đơn do chưa thanh toán,"Đơn đã thanh toán thành công qua momo nhưng app báo huỷ đơn do chưa thanh toán, liên hệ hỗ trợ không nhận được phản hồi.",1,12838019918,1.0.79,VN
MattheuBT,https://itunes.apple.com/vn/reviews/id85733221,Món ngon,Gia đình mình thích vị của yaourt thạch lá dứa lắm nè !,5,12835978419,1.0.79,VN
Gia huy🐭,https://itunes.apple.com/vn/reviews/id1397129038,A,"Quà đổi chất lượng,xịn sò  có điều phải canh mới kịp đổi",5,12835033169,1.0.79,VN
Bibi@7,https://itunes.apple.com/vn/reviews/id1803502477,K,Kêu cập nhật xong mất hết điểm của ngta đị t m ẹ nó,1,12834193903,1.0.79,VN
Honghanhoang,https://itunes.apple.com/vn/reviews/id1802926462,App cùi bắp,Quá tệ tích điểm hoài mà cứ táo hết quà 😏😏 ghét t đổi sữa luôn,1,12828039549,1.0.78,VN
vanyen111,https://itunes.apple.com/vn/reviews/id1067204697,Chán lắm,"Tích điểm mà voucher toàn hết. Rất nhiều lần tính đổi điểm mà toàn hết voucher.
Xoá app luôn nhé.",1,12814158219,1.0.78,VN
Dieuvi5555,https://itunes.apple.com/vn/reviews/id1690026781,App lỗi,Tích điểm đã rồi lại báo lỗi,1,12793087642,1.0.78,VN
Libi Kim,https://itunes.apple.com/vn/reviews/id500830922,Ứng dụng mua sắm bất tiện,"Tôi bị lố thời gian giao hàng mà không có bất kỳ chính sách hỗ trợ nào. Phải liên bên fanpage khiếu nại vì trên app không có chatbot, không link với tổng đài. Chưa kể cửa hàng nhận điều phối đơn cũng không hợp lý về địa lý, không có sđt để liên hệ trực tiếp tới cửa hàng. App thiết kế quá tệ!!",1,12787804264,1.0.78,VN
Maay201,https://itunes.apple.com/vn/reviews/id1798698804,Quá Tệ,"Không hiểu nổi kiểu gì điểm của mình đang được 500 mấy chục điểm ngủ dậy đêm sáng hôm sau thấy hệ thống tự trừ 255,100 điểm ?? Ủa alo khách mua sữa tích điểm 1lon được 21 điểm mà trừ 12lon của khách ??",1,12783776512,1.0.78,VN
1748584872,https://itunes.apple.com/vn/reviews/id1219861994,Tự trừ điểm,Uổng công tích điểm để giành nhìu vậy mà tự động trừ hết điểm là s. Trong khi k đổi j hết,1,12782926920,1.0.78,VN
Diễm Phạm @,https://itunes.apple.com/vn/reviews/id781092104,Quá tệ,Tự nhiên trừ hết điểm,1,12781757408,1.0.78,VN
Nununyununu,https://itunes.apple.com/vn/reviews/id526270845,Quá tệ,Toàn bị trừ không không. Tự nhiên bị mất điểm,1,12781730886,1.0.78,VN
Không ra thể loại hệ thống,https://itunes.apple.com/vn/reviews/id1614609736,Khốn nạn,Khốn nạn,1,12769814428,1.0.78,VN
Oklll123,https://itunes.apple.com/vn/reviews/id491458028,Lỗi,"Mua đc 1 lần, lần sau ko thanh toán nổi toàn báo lỗi",1,12764222173,1.0.78,VN
thuy subi,https://itunes.apple.com/vn/reviews/id1161278458,Tích điểm,Đổi quà xong vào phần đặt hàng để gửi quà toàn lỗi thế tích điểm làm gì k khác gì lừa đảo khách hàng,1,12761160310,1.0.77,VN
TiniNguyen.88,https://itunes.apple.com/vn/reviews/id1556723643,Quá tệ,Đặt cái đơn sữa trên app thấy thông tin gửi từ Mỹ Đình cách nhà 5km mà 5 ngày không giao nổi đơn. Chuẩn bị hàng mất 3 ngày mới xử lý xong. Dự kiến giao ngày 6/6 mà đến ngày 7/6 vẫn chưa thấy giao??? Hãng xoá app luôn đi. Hãng lớn vậy mà cái app đánh giá có 2 sao là tự hiểu,1,12747046711,1.0.77,VN
ưhavck,https://itunes.apple.com/vn/reviews/id1151913184,UX quá tệ,"App cực xấu, chọn font chữ xấu, hẹp, khó đọc, quá nhiều chữ thừa thãi. Lúc vào từng mục sản phẩm có hàng tag ở trên tưởng là để phân loại sp trong hạng mục đấy tìm cho dễ, nhưng ko, nó lại là tag của những sản phẩm khác, ko hiểu sao lại làm vậy. Rồi sản phẩm có vẻ bán theo thùng chứ ko bán lẻ, hoặc các bạn phân loại trên app quá tệ mình cx ko muốn scroll nữa mà phải xoá app luôn :). Team designer chắc mạnh graphic ko mạnh UX hả, lâu lắm mới trải nghiệm 1 cái app giao diện tệ ntn",1,12735807474,1.0.77,VN
KH.1998...,https://itunes.apple.com/vn/reviews/id1122172689,Tệ,"Đổi quà 120.000 điểm, trừ xong k gửi là sao? Uy tín mất thù cty còn j để cho KH tin tưởng?",1,12722225662,1.0.76,VN
RUBYbw,https://itunes.apple.com/vn/reviews/id1792634214,không thanh lương cho nhân viên,"công ty làm ko thanh lương cho nhân viên, thanh mỗi lần có vài trăm ai mà dám làm nữa",1,12719266216,1.0.75,VN
18373):??:73!,https://itunes.apple.com/vn/reviews/id1790885409,Đổi quà mất điểm không nhận được quà,"Thất vọng, luôn tin tưởng Vinamilk nhưng cái app như lìn",1,12700126345,1.0.73,VN
ngọc ảnh ngọc anh,https://itunes.apple.com/vn/reviews/id1250209449,Trước mắt vẫn ok chưa bị lỗi lầm gì,Đã tích điểm cà đổi voucher mua hàng 2 lần đều thành công,5,12692765997,1.0.73,VN
yumi9x,https://itunes.apple.com/vn/reviews/id668917436,Tích điểm cho cố. Đổi này đổi kia xong méo cho dùng. Như sh,Tệ. Như qq,1,12689116104,1.0.73,VN
Tumixz,https://itunes.apple.com/vn/reviews/id511096673,Dịch Vụ online và CSKH quá tệ,"Đặt optinum colos nhưng giao colos gold.
 CSKH qua zalo rất kém cả về mặt chuyên môn sữa lẫn dịch vụ.
Tôi sẽ không bao giờ mua vinamilk cho con tôi nữa.",1,12687537186,1.0.73,VN
Ea kênh,https://itunes.apple.com/vn/reviews/id1788076982,A,Tích điểm đã rồi báo lỗi . Lỗi đúng lúc ghê,1,12669827143,1.0.73,VN
quye le,https://itunes.apple.com/vn/reviews/id1252155654,Cập nhật xong hỏng luôn,"Bắt cập nhật lên bản mới nhất, mà cập nhật xong k vào đc luôn. Vào là văng ra vào là văng ra. Cả tuần rồi mà chưa có bản sửa lỗi",1,12658565693,1.0.73,VN
Tường Lâm Lan,https://itunes.apple.com/vn/reviews/id786983372,App hỏng,Lừa t à ngồi cào cào quét quét cả buổi mã không khả dụng là sao,1,12657876590,1.0.73,VN
tiktok.mebanhbaonguyen,https://itunes.apple.com/vn/reviews/id1298369855,Tặng quà hỏng,"Quà đã vỡ rồi còn tặng, thà k có tích điểm đổi quà còn hơn",1,12655437709,1.0.73,VN
Huyn_,https://itunes.apple.com/vn/reviews/id1782217056,Chất lượng app,Mới tải về dùng bình thường sang hôm sau cái k quét đc cái mã ở thẻ tích điểm nữa:)),3,12653747210,1.0.73,VN
Ng mua sữa,https://itunes.apple.com/vn/reviews/id696504305,Trải nghiệm quá tệ,Mất công tích dc vài thẻ xong toàn báo lỗi. Vào đọc đánh giá mới biết nhiều ng bị.   Thôi dẹp ba cái trò tích điểm đi. Mất thời gian,1,12653335207,1.0.73,VN
cjelnc,https://itunes.apple.com/vn/reviews/id868283470,toàn lỗi chán,2 sao,2,12652088480,1.0.73,VN
hellotuctuc,https://itunes.apple.com/vn/reviews/id300783438,Tích điểm lỗi,tích điểm dc 3 lần xong vô app lỗi,1,12651982367,1.0.73,VN
Thanhtruc0102,https://itunes.apple.com/vn/reviews/id1506077345,app lỗi,lỗi Iồn j lỗi lắm thế,2,12651753921,1.0.73,VN
trantran51,https://itunes.apple.com/vn/reviews/id1052588843,Đặt sữa chua trên app,"Đặt trên app xong kêu giao 12/5 , qua ngày 12/5 cái báo huỷ , kêu không liên lạc được , nhưng mà mình không nhận được 1 cuộc đt nào. Là app để đơn như vậy để trưng sau đó không giao đúng không ạ ? Thà báo huỷ ngay từ đầu để đặt app khác , đợi 1 tuần sau mới báo huỷ .",1,12650867924,1.0.73,VN
Mẹ bỉm sữa sâu,https://itunes.apple.com/vn/reviews/id1655375341,Đặt hàng khuyến mãi bùng hàng không giao,Làm ăn gian lận,1,12647164598,1.0.73,VN
Ngoctuyet2804,https://itunes.apple.com/vn/reviews/id1591923246,Không hỗ trợ phiên bản cũ,Không còn hỗ trợ iOS version 14 sau khi cập nhật :(,2,12643420477,1.0.73,VN
Bonglien46,https://itunes.apple.com/vn/reviews/id1579420969,Trảu nghiệm vô cùng tệ!,"Trải nghiệm app quá tệ. Đặt hàng xong không thấy có nhân viên liên hệ hỗ trợ hay ntn. Tra cứu hành trình đơn cũng không. Gọi tổng đài 1900 lúc nào cũng báo hết giờ làm việc. Đặt hàng từ 5/5, ghi rõ 8/5 nhận đc, nhưng tận 10/5 vẫn k thấy đâu. K có cách nào để tra cứu đơn hàng đang ở đâu, k có cái gì để liên hệ. Làm ăn quá chán, quá nhiều thiếu sót!",1,12638742687,1.0.73,VN
ngoremon,https://itunes.apple.com/vn/reviews/id1576175103,lỗi app,"bấm vào tự out ra, gần hết hạn điểm lại ko cho vào",1,12638447912,1.0.73,VN
gemmm123,https://itunes.apple.com/vn/reviews/id916045642,Đặt sữa trên app,"Đặt sữa trên app mà k thấy giao luôn, qua ngày giao dự kiện vẫn không thấy đâu, không có phương thức liên hệ hỗ trợ kiểm tra đơn trên app. Thiết kế quá kém",1,12635743633,1.0.73,VN
Ngoc vu vk,https://itunes.apple.com/vn/reviews/id1169267152,Tự ý huỷ đơn của khách,"Vinamilk tự ý huỷ đơn của khách, om 1 tuần không giao",1,12621107959,1.0.71,VN
minhprodn,https://itunes.apple.com/vn/reviews/id735549997,App K dùng được,"App gì đâu bấm vào là văng ra , k dùng được app. Thật sự tệ",1,12617394753,1.0.71,VN
Hhuyennhe,https://itunes.apple.com/vn/reviews/id1735697366,Nn,Ok,5,12599331562,1.0.71,VN
heoheo51123,https://itunes.apple.com/vn/reviews/id1118064528,Lỗi???,Sao mình vào app k được nhỉ? Cứ bấm vào biểu tượng của app là bị văng ra màn hình chính,2,12591789686,1.0.70,VN
Người dùng ios13,https://itunes.apple.com/vn/reviews/id1540399416,kém,"đặt hàng từ 22/4 cửa hàng 134 ngô gia tự đức giang hn. Giao hàng dự kiến ngày 25 mà đến ngày 27 mk hỏi vẫn kh phản hồi, chưa nhận dc hàng, kém thật",1,12590601034,1.0.70,VN
Người đã sử dụng sản phẩm,https://itunes.apple.com/vn/reviews/id1231078567,quá tệ,"rât là mấy thời gian luôn. nghĩ bụng tích điểm lấy voucher mà toàn kiểu hết hạn, rồi lỗi, tích mãi cũng chả có tác dụng gì. mang tiếng là Thương Hiệu lớn mà k ngờ làm ăn xảo trá vậy luôn. chắc từ nay phải đổi sữa quá. bực mình. đề nghị CT xem xét lại",1,12584645242,1.0.70,VN
ayi8688,https://itunes.apple.com/vn/reviews/id425116317,"App chán, chả để làm gì","Đặt hàng mấy ngày không giao, trên app cũng chả tác động được gì, tự lên tìm sdt hotline gọi xong cũng chả giao hàng, xoá app",1,12581234261,1.0.70,VN
Lion leo sư tử,https://itunes.apple.com/vn/reviews/id1779943783,Mất điểm,Tích điểm xong tự nhiên bị dăn ra nhập số điện thoại lại mất hết điểm đã tích.,1,12580622724,1.0.70,VN
Kẻ huỷ diệt app như lon,https://itunes.apple.com/vn/reviews/id1617323521,Dielac,Cập phiên bản mới xong là hết quét được mã :)),1,12580409064,1.0.70,VN
Robyparty,https://itunes.apple.com/vn/reviews/id806101516,Ok ok,Đổi được nhiều quà bé thích. Mong công ty cập nhật nhiều quà hơn ạ,5,12574808249,1.0.69,VN
Huỳn huỳnnn,https://itunes.apple.com/vn/reviews/id1613626415,Chán,"bọc hàng chán,bọc được 1lớp nilong mà không phải chống sốc. Nhỡ va đập ai biết chất lượng bên trong hộp sữa có bị hở, ảnh hưởng hay không.",1,12566199825,1.0.68,VN
F u i.,https://itunes.apple.com/vn/reviews/id497468153,Tích điểm,Tích điểm mà toàn hết quà không đổi được gì hết,1,12558263238,1.0.68,VN
Khanhhuyen.com,https://itunes.apple.com/vn/reviews/id1658339199,.,"Tích điểm đã ko có quà đổi hãng sữa lớn mà làm ăn kì v , khỏi ra tích điểm cho rồi",2,12554304978,1.0.68,VN
Kobayashi Gin,https://itunes.apple.com/vn/reviews/id376500052,Cập nhật tích điểm quá tệ,"Mua hàng từ thời cố luỹ nào rồi mà không cập nhật tích điểm. Không cập nhật chi tiêu, like hay subrise cũng không cập nhật điểm, quá thất vọng.",1,12549752171,1.0.68,VN
Ann Chery🍒,https://itunes.apple.com/vn/reviews/id513052981,"App lỗi, chậm",Tải cho có lượt tải chứ k xây dựng quản lí app . App như qq z đó,1,12510037701,1.0.68,VN
gahyahsbjdi.,https://itunes.apple.com/vn/reviews/id1517061915,Vinamilk,"Hoá ra cũng nhiều người không tích điểm được giống mình,thương hiệu lớn làm ăn kì quá",1,12509939157,1.0.68,VN
mia12345zxcv,https://itunes.apple.com/vn/reviews/id961228329,đặt hàng tự huỷ hàng mà chẳng có lý do,tự huỷ đơn hàng không lý do,1,12501496387,1.0.68,VN
Táo ngon,https://itunes.apple.com/vn/reviews/id990972230,Vô dụng,Ứng dụng vô dụng nhất từng tải. Tải về xoá đi luôn,1,12463226609,1.0.66,VN
Hoang Duong 9x,https://itunes.apple.com/vn/reviews/id1404036448,Giao diện,"App sp ko có nút share từng sp như mấy app tmdt , muốn share phải dùng dạng web, Vnm cải thiện hơn nhé",4,12448938538,1.0.65,VN
Bamboooooooo@@@@,https://itunes.apple.com/vn/reviews/id1677564658,App tích điểm mà cộng điểm không đúng là sao zị,App tích điểm mà cộng điểm không đúng là sao zị,1,12427456809,1.0.65,VN
01674026229,https://itunes.apple.com/vn/reviews/id431674007,"Làm ăn láo nháo, treo đầu dê bán thịt chó",Cho 1* kèm xoá app.,1,12419800980,1.0.65,VN
nvvinh_xxiivi,https://itunes.apple.com/vn/reviews/id1256073783,cập nhật,"ứng dụng cần chỉnh sửa lại giao diện tốt hơn, nhìn rất khó chịu, còn tự động huỷ đơn của khách hàng không có lý do nữa",1,12402971639,1.0.64,VN
Hitugg,https://itunes.apple.com/vn/reviews/id1631042277,Tệ,"Cskh kém complain đơn hàng chả giải quyết dc gì, chỉ báo sẽ tiếp nhận, đặt đơn 23/2 dự kiến giao 26/2, nay 7/3 huỷ của khách mà không báo. Chán quãi raaaa",1,12392405298,1.0.64,VN
Đoàn99,https://itunes.apple.com/vn/reviews/id983974780,Chán,Trừ điểm mà không thấy quà đâu hết,3,12391076142,1.0.64,VN
_Yona_,https://itunes.apple.com/vn/reviews/id549276162,Chán,Lấy trừ điểm xong ko đổi quà đc. Thất vọng,1,12390797885,1.0.64,VN
dakolatent,https://itunes.apple.com/vn/reviews/id790786323,App đặt cho vui,"App lừa đảo lấy thông tin thôi, đặt cũng ko ai giao đâu",1,12388060270,1.0.63,VN
vitcoi96,https://itunes.apple.com/vn/reviews/id639338236,Chán,"Đặt đơn qua app cả tuần k thấy giao, k có cũng k biết gọi lại cho khách. Dự kiến giao 26/2 mà 27/2 k có, rõ là con mình dùng vinamilk từ nhỏ nhưng chưa bao h thấy thất vọng ntn, chờ sữa về mà k có luôn,. Chắc xoá app",2,12360933944,1.0.62,VN
banqtam,https://itunes.apple.com/vn/reviews/id1054404727,Đổi điểm,Đổi toàn ba cái vớ vẩn không sài được gì hết,2,12322184175,1.0.61,VN
Nhồm,https://itunes.apple.com/vn/reviews/id1630250422,😤,Tích điểm cho đã để đổi đc balo cho bé đem đi đổi thành mấy cái voucher linh tinh chán😤,1,12297424076,1.0.61,VN
Laipancake,https://itunes.apple.com/vn/reviews/id1542045495,Quá tệ về phầm mềm,Hiện tại tích điểm cho có chứ thật chất là k tích đc và phần mềm bị lỗi,1,12191888055,1.0.56,VN
títtu,https://itunes.apple.com/vn/reviews/id1434878063,chán,không quét mã vạch được,2,12171738303,1.0.53,VN
ThienCa618,https://itunes.apple.com/vn/reviews/id1529809723,CSKH cực kì tệ,2 lần Giao hàng nhầm nhưng không giải quyết.,1,12162044815,1.0.52,VN
Ngô_Đạt,https://itunes.apple.com/vn/reviews/id1656358033,App lỗi,App như cứtttt. Xoá app đi. Đăng nhập k được. Lỗi tùm lun tè le. Tích điểm xong k cho đổi. Thua. Mất thời gian,1,12159143712,1.0.51,VN
be van ne,https://itunes.apple.com/vn/reviews/id1413723715,Đổi qua it qua,s toan bi lỗi bi lừa r,2,12148004223,1.0.50,VN
toanpham0509,https://itunes.apple.com/vn/reviews/id598902339,10 ngày không giao hàng,Phá sản đi,1,12138922063,1.0.50,VN
An::,https://itunes.apple.com/vn/reviews/id669947751,App phế tải mắt công bực,"tích điểm cho nhiều rồi hết lược nhận quà. đổi được mấy cái vocher trừ sản phẩm dưới 2 tuổi và mấy sữa đặt, sửa tươi sữa dinh dưỡng, vậy thử hỏi còn gì để đổi. Khỏi ra ba cái chương trình tích điểm đi.",1,12111601012,1.0.50,VN
nguyenminhman,https://itunes.apple.com/vn/reviews/id143850612,Giao hàng thần tốc,"App của Vinamilk thật tuyệt vời, đặt hàng tại TP.HCM ngày 21/12 mà mới ngày 26/12 đã nhận được điện thoại xác nhận để giao hàng. Nhận cuộc gọi mà mừng cứ ngỡ như nhận được sữa gửi về từ Châu Âu. Tranh thủ nhận hàng xong vô đánh giá 1 sao rồi xoá app chứ sợ chút nữa lại quên.",1,12106427755,1.0.50,VN
Tôi yêu Việt Nam 2109,https://itunes.apple.com/vn/reviews/id1252156031,Lừa điểm,Đổi voucher 70k cho hoá đơn 150k mất 55k điểm trả về voucher áp dụng cho hoá đơn trên 350k + phải mua 3 lốc greenfarm giá cao. Kém quá. Chương trình km phải làm cho khách hài lòng mới có giá trị chứ làm thêm bực bội,1,12099517911,1.0.50,VN
khanggommooo,https://itunes.apple.com/vn/reviews/id1624552511,khang,ứng dụng quá tệ,1,12099280629,1.0.50,VN
Minhhchou23,https://itunes.apple.com/vn/reviews/id891779970,Abc,App toàn lỗi vô cùng thất vọng,1,12099063443,1.0.50,VN
Yến vy0809,https://itunes.apple.com/vn/reviews/id1105296287,Công ty lớn mà cái app nó tệ,Cập nhật miết,1,12098444784,1.0.50,VN
vội châu,https://itunes.apple.com/vn/reviews/id1665706455,Tích điểm đổi quà mà vẫn chưa nhận đc quà,không hài lòng,2,12090827108,1.0.50,VN
ThuAnh😍,https://itunes.apple.com/vn/reviews/id1668818161,.,Tích điểm toàn bị lỗi,1,12089378228,1.0.50,VN
donanduck150292,https://itunes.apple.com/vn/reviews/id748221746,App okay,"Mình tháy app cũng khá okay, giao diện đẹp",5,12080217701,1.0.49,VN
ma geming,https://itunes.apple.com/vn/reviews/id1120070334,Cũng được,Mong Vinamilk cho nhiều quà máy tạo ẩm không khí hơn,5,12079776052,1.0.49,VN
Quynhnancy,https://itunes.apple.com/vn/reviews/id611573275,App tệ và dở ẹc,"App gì tích điểm được 1 lần, từ lần 2 trở đi toàn báo lỗi và ko tích điểm được, mang tiếng cty lớn nhưng dịch vụ quá chán",1,12077847477,1.0.49,VN
Thiencut1,https://itunes.apple.com/vn/reviews/id1465249450,Ấn đổi quà app trừ điểm rồi k đk,Trừ điểm mà k biết lấy quà kiểu gì luôn nhu lừa,1,12077372582,1.0.49,VN
Ảnhuc,https://itunes.apple.com/vn/reviews/id484065592,Đổi điểm k gủi quà,4 lần đổi điểm nhận quà mà không gủi cái nào,1,12077344652,1.0.49,VN
Optimum gold mãi đỉnh,https://itunes.apple.com/vn/reviews/id917459001,Cần thêm quà,Cần thêm thêm nhiều phần quà,4,12077091735,1.0.49,VN
Halihu,https://itunes.apple.com/vn/reviews/id1184678493,Đặt hàng,"Đặt hàng thành công, đang trong quá trình giao mà ngày thứ 2 nó tự huỷ đơn của mình luôn",1,12076682096,1.0.49,VN
ri rí,https://itunes.apple.com/vn/reviews/id425842211,App cùi hết biét,Ko nghĩ cty vnm lớn vầy mà cái app cùi mía,1,12076605088,1.0.49,VN
Tadaaaame,https://itunes.apple.com/vn/reviews/id1733465563,Không tốt,Không quét được mã QR,1,12076534490,1.0.49,VN
Méeeeeeeee,https://itunes.apple.com/vn/reviews/id490870500,App làm ăn kì cục,"App làm ăn kì cục quá, đổi quà hết điểm luôn mà k thấy quà là sao zị, đổi sữa khác luôn nha",1,12075958996,1.0.49,VN
dcmmungdung564,https://itunes.apple.com/vn/reviews/id651915189,App lởm,"Chức năng nghèo nàn, giao diện khó dùng, đặt hàng còn khó hơn :))). Tưởng tiện mà hoá ra còn mất thời gian hơn",1,12068589007,1.0.48,VN
Hhimha,https://itunes.apple.com/vn/reviews/id1732398265,Vh,Đổi quà mà đ đc là sao tr,1,12065196026,1.0.48,VN
Ms Chúc quà tặng,https://itunes.apple.com/vn/reviews/id927323090,Không miễn phí,App bắt thanh toán mới tải được,1,12056957057,1.0.48,VN
Uaiwoq,https://itunes.apple.com/vn/reviews/id1698041157,;))),Tiếp thị cho có hộp sữa,1,12053362845,1.0.47,VN
123Bingoi,https://itunes.apple.com/vn/reviews/id1257882137,App rất tệ,Cái app giao diện mới mà lỗi bị như hồi cái app giấc mơ sữa Việt. Bấm thêm sp vào giỏ hàng mà n ngày ko có lần nào được. Cứ đứng im rồi ko biết sao mua hàng. Do sữa Việt nên mới dùng chứ cái app ko đáng được 1 sao,1,12015841148,1.0.44,VN
VS-6227-9906,https://itunes.apple.com/vn/reviews/id312266049,Lỗi QR,Có mỗi cái quét qr mà lỗi lên lỗi xuống,1,12007564917,1.0.44,VN
nguyễn thị kim ngân.,https://itunes.apple.com/vn/reviews/id1067146016,App lừa người dùng à.,Bấm đổi quà trừ điểm nhưng ko hề dc nhận quà. Được vài lần xong giờ toàn báo lỗi.,1,11993741485,1.0.41,VN
vsjsbx,https://itunes.apple.com/vn/reviews/id948911122,Tệ,"Được đổi voucher tặng sữa, hiện cửa hàng đổi mag tới người ta còn không biết có chương trình này. Đi bao nhiêu cửa hàng trong danh sách đều không được. Hãng lớn mà quá kém. Tệ!!!!",1,11929121395,1.0.39,VN
quá buồn :(((,https://itunes.apple.com/vn/reviews/id1607756345,không phải mà là uống Vinamilk để đổi quà mỗi cái thẻ cho 2k điểm,cs vị ngọt và vừa đường rất tốt cho 5 sao👍,5,11898769957,1.0.36,VN
A.i.v.y,https://itunes.apple.com/vn/reviews/id1626859141,App lỗi,"App chán đời, hãng lớn mà làm cái app lỗi hoài",1,11892672952,1.0.36,VN
Bùi Gia Thảo Duyên,https://itunes.apple.com/vn/reviews/id1361633663,Sữa,Sữa qua ngọt th true milk thanh và ngon hơn,1,11868760618,1.0.34,VN
NhungK22,https://itunes.apple.com/vn/reviews/id1320265363,"Lỗi , lần đầu k gửi mã otp , lần sau gửi được nhập vô r lại báo lỗi, rất mất thời gian","Lỗi , lần đầu k gửi mã otp , lần sau gửi được nhập vô r lại báo lỗi, rất mất thời gian",1,11864216921,1.0.32,VN
Thutrangmeobeo,https://itunes.apple.com/vn/reviews/id540298482,Haizz,Cập nhật quá nhiều,3,11861144991,1.0.32,VN
dụ mmay,https://itunes.apple.com/vn/reviews/id1712891995,Không hài lòng,"Vẫn còn giữ hàng nghìn tấm tích điểm nhưng không dùng được, thất vọng về hãng này",1,11853918712,1.0.32,VN
KhaiMinh1995,https://itunes.apple.com/vn/reviews/id509808201,Vourcher,Vourcher vnc ngon mà,5,11835153812,1.0.28,VN
...1131,https://itunes.apple.com/vn/reviews/id1106997640,Ok,Mình thấy có voucher giảm giá của VNVC ok mà. Sao các mom toàn chê.,5,11820481174,1.0.27,VN
Jsjshdka,https://itunes.apple.com/vn/reviews/id1097878179,Làm ăn thất đức,Tích điểm nhận quà nhưng cả tháng rồi chưa nhận được,1,11776962969,1.0.25,VN
Nguòidung,https://itunes.apple.com/vn/reviews/id1253025248,Tích điểm,Tích điểm xong đổi qua mất hết điểm nhưng không thấy quà đâu 😀,1,11763216126,1.0.25,VN
Mèo Dada.!!,https://itunes.apple.com/vn/reviews/id475152645,Lừa đảo,Đổi điểm rồi nhưng không nhận được quà.! Lừa đảo,1,11752487724,1.0.24,VN
djdndjdksj,https://itunes.apple.com/vn/reviews/id520023620,Ko biết,"Sao có 4,5 món quà dị ko bít mà lựa lun ó đủ điểm mà ko có quà mới😡🥹",3,11750766484,1.0.24,VN
93 Gaming,https://itunes.apple.com/vn/reviews/id1244451567,App lỗi,Lỗi lắm,1,11748610910,1.0.24,VN
Gmtmrcn,https://itunes.apple.com/vn/reviews/id1417476669,Nói chung là k hài lòng,"Mã tích điểm k quét được, cứ quay vòng vòng …má ơi thử đi thử lại mấy ngày vẫn bị lỗi",1,11748576093,1.0.24,VN
))!3₫7818₫:,https://itunes.apple.com/vn/reviews/id560959832,"Dev cùi, công ty lớn nhưng tệ","Chả có 1 cái quà nào để đổi, bắt đổi voucher để mua hàg thế tích điểm để làm gì?",1,11746874462,1.0.24,VN
buồn gh,https://itunes.apple.com/vn/reviews/id1581805432,Quà ít k có quà để đổi điểm,Gom mãi tích điểm mấy thùng sữa liền mà quà báo hết thôi. K có quà để đổi luôn,1,11746708312,1.0.24,VN
Tẹt bảnh,https://itunes.apple.com/vn/reviews/id687831814,Thất vọng,Bọn đần làm ra cái app quét QR 1 lần là đơ quay vòng bọn đần,1,11744832448,1.0.23,VN
hđhdxcr,https://itunes.apple.com/vn/reviews/id710766264,1sao,Y hệt. Tích điểm load quay vòng vòng đơ app luôn,1,11744242968,1.0.23,VN
Nguyen đức,https://itunes.apple.com/vn/reviews/id1665455374,Gửi,Không hoàn tiền,1,11743185222,1.0.23,VN
Hêh1010,https://itunes.apple.com/vn/reviews/id1702058246,App quá cùi,"Chê, tải được 10p rồi xóa luôn",1,11740525743,1.0.23,VN
nlinhthanh,https://itunes.apple.com/vn/reviews/id1525249899,Lỗi tích điểm,Sao quét mã tích điểm mãi mà cứ lỗi quài. Chờ 60s mà tới hồi quét lại cũng k dc.,1,11739731800,1.0.23,VN
hxxchoi,https://itunes.apple.com/vn/reviews/id1020047578,Không tích điểm được,Scan tích điểm mà quay vòng vòng 🙄,1,11736903668,1.0.23,VN
Hanna23...,https://itunes.apple.com/vn/reviews/id1701003530,Lỗi,"Tích điểm đc mấy lần thôi rồi load mãi k tích thêm được nữa, thấy nhiều người cũng bị như vậy, chắc auto á 😂",2,11729540898,1.0.23,VN
Dinhhiep36,https://itunes.apple.com/vn/reviews/id552996465,Lag quá lag,"Ứng dụng tệ quá
Quét mã tích điểm, quét đc 1 mã là quay mòng mòng. Phải tắt rồi bật lại ứng dụng",1,11728957075,1.0.23,VN
Không hài lòng app tệ vô cùng,https://itunes.apple.com/vn/reviews/id1700028319,App tệ,Bị lỗi quài luôn app gì quá chán,1,11719373088,1.0.23,VN
suvsgshdggdgsh,https://itunes.apple.com/vn/reviews/id1692476143,App như 🦮🦮,Ko được điểm,1,11697029402,1.0.22,VN
phoenixcutiee,https://itunes.apple.com/vn/reviews/id1661933373,K nhận dc xu ý,K nhận dc xu ý,2,11690543901,1.0.22,VN
Chưa phù hợp,https://itunes.apple.com/vn/reviews/id1682628141,Giá thành,"Đắt hơn mua ở ngoài cửa hàng
Voucher chỉ đc nhập 1 lần 1 mã",1,11672480113,1.0.22,VN
ks trchhh,https://itunes.apple.com/vn/reviews/id1225622631,Quà trên app không hấp dẫn,Giá trị tích điểm để đổi quà không tương xứng số tiền bỏ ra,2,11661066572,1.0.22,VN
hâhbsbdidjdn,https://itunes.apple.com/vn/reviews/id1691086898,Đánh giá,App như qq ý,1,11626782637,1.0.22,VN
Minh~,https://itunes.apple.com/vn/reviews/id1384901694,"Tích điểm nhiệt tình,nhìn quà hết hồn","70-80% hết quà toàn vocher giảm giá, vớ vẩn
Quà cũng linh tinh",1,11620151086,1.0.22,VN
PhươngGiang,https://itunes.apple.com/vn/reviews/id1181815773,Sản phẩm đổi thưởng toàn hết hàng,M tích điểm chán chê rôi k có hàng để đổi toàn voucher,4,11599687911,1.0.21,VN
Kphan123,https://itunes.apple.com/vn/reviews/id1431664058,Nên dẹp cái app này đi.,Trải nghiệm mua sữa online thật tồi tệ. Địa chỉ giao hàng cách cửa hàng sữa chưa đến 100m mà dự kiến giao hàng trong vòng 4 ngày. Thật không thể tin nổi.,1,11599548724,1.0.21,VN
KemKenBon,https://itunes.apple.com/vn/reviews/id1478093098,App cùi bắp quá Vinamilk,"Tôi cũng bị như nhiều người, quét mã ko nhảy điểm",1,11592996260,1.0.21,VN
Cửa hàng quá tệ,https://itunes.apple.com/vn/reviews/id1572707618,Tệ,"Biết sao đánh giá xấu rồi đó , tự ý hủy đơn hàng không thông báo cho khách hàng , không hoàng tiền , quá gian lận 😌",1,11588472536,1.0.21,VN
Không biết j hết he,https://itunes.apple.com/vn/reviews/id1686375017,Rất ok mà tôi đã đổi dc rất nhiều quà,Rất tuyệt,5,11577475965,1.0.21,VN
Mk1245875,https://itunes.apple.com/vn/reviews/id495772179,Tuyệt,Cái này toàn cho quà ngon,5,11570496715,1.0.19,VN
người dùng zing,https://itunes.apple.com/vn/reviews/id546977215,Tích điểm đc vài lần xong toàn báo lỗi.,Tưởng mình mình bị vậy hoá ra nhiều ng bị,2,11557826847,1.0.19,VN
응옥,https://itunes.apple.com/vn/reviews/id554489516,Tải app để tích điểm nhưng phải có căn mới quét đc mã,"Từ lúc tải app về có đúng 1 lần quét đc mã, còn lại quét toàn báo 60s thử lại
Chăm sóc khách hàng kém, k có nv cskh onl mà yêu cầu gọi lên tổng đài 1k/ phút mà chưa chắc đã có nhân viên nghe máy
Giao hàng lâu, bố trí đơn hàng k thông minh, k có mục để khách tự pick hoặc tự phân về cửa hàng gần nhất",1,11539929881,1.0.18,VN
Đầu buồiiiiiiiii,https://itunes.apple.com/vn/reviews/id1560763409,App như cái quần Quét có được chi đâu Tặng thẻ lj mất công ra,App như cái l,1,11536920970,1.0.18,VN
Meomeo 34,https://itunes.apple.com/vn/reviews/id1341680816,Ứng dụng kém,Tích điểm toàn báo lỗi k. Rồi tặng thẻ tích điểm để làm gì khi k thể sd,2,11517022031,1.0.18,VN
Thanhongbg,https://itunes.apple.com/vn/reviews/id932658983,App chán,"Chưa thấy cái app nó tệ đến thế, k biet tích điểm hay tích bực",1,11491679775,1.0.18,VN
Vợ ky,https://itunes.apple.com/vn/reviews/id1435209373,Đổi điểm,Tích được điểm nhưng đổi điểm trừ điểm rồi không thấy tiền về,2,11466093237,1.0.18,VN
Orion3110,https://itunes.apple.com/vn/reviews/id1454296149,App như loằn,App như loằn công ty như lol đặt hàng thanh toán rồi tự động huỷ hàng của khách rồi không thèm hoàn tiền lại cho khách đcm nhà m luôn,1,11458227758,1.0.18,VN
Écec,https://itunes.apple.com/vn/reviews/id1079989903,App tào lao,Rồi tích điểm đổi niềm vui dữ chưa?? Hay tích điểm rước bực bội?? App gì tích mãi k lên điểm 🙂,1,11446094105,1.0.17,VN
vmtuyen,https://itunes.apple.com/vn/reviews/id977776828,tích điểm,vào app để quét mã tích điểm toàn báo lỗi,1,11443177453,1.0.17,VN
thhufdvv,https://itunes.apple.com/vn/reviews/id1462255657,Quá tệ,"Tích điểm xong mất luôn là sao ,lừa đảo 🤨😡",1,11406679586,1.0.16,VN
bầu bí xinh xắn,https://itunes.apple.com/vn/reviews/id884946738,quá tệ,app quá ngu ngốc. đặt hàng xong k giao. từ ngày đổi sang app này k đặt đc cái gì hết,1,11405852628,1.0.16,VN
Ranhtimtrochoi,https://itunes.apple.com/vn/reviews/id893045263,Tích điểm đổi quà,"Điểm đủ để đổi voucher mà lúc bấm đổi toàn hiện lên không thể sử dụng điểm, cũng biết lý do luôn!",2,11405072786,1.0.16,VN
hdnjaj,https://itunes.apple.com/vn/reviews/id993272943,Quá đắt,Mua trên app còn đắt hơn mua tại quán tạp hoá. Mang tiếng giảm 8% 10% mà vẫn đắt hơn ngoài quán. Rồi chương trình quét mã tích điểm mà toàn thấy hết quà. Chỉ còn mấy vocher.  Mất công tải app,1,11390365748,1.0.16,VN
CandyInTheSky,https://itunes.apple.com/vn/reviews/id1493582732,Hơi ít chức năng,Không có cả danh sách các cửa hàng giấc mơ sữa việt luôn,3,11366531064,1.0.16,VN
TP9812,https://itunes.apple.com/vn/reviews/id1527799871,"Đổi quà siêu nhanh, đóng gói cẩn thận",Tích điểm và đổi quà siêu nhanh. Mình ở nông thôn mà mỗi lần đổi quà xong chỉ 3 ngày sau là thấy giao tới. Gấu được hút chân không và đóng gói trong hộp xịn xò nữa.,5,11362475779,1.0.16,VN
🤬🥵😡😡😡,https://itunes.apple.com/vn/reviews/id1416922554,App Cực kỳ tệ,Đổi điểm rồi mất điểm mà chẳng thấy quà đâu😡🤬🤬,1,11359990348,1.0.16,VN
tan.vn,https://itunes.apple.com/vn/reviews/id1122122590,App quá tệ,"Trải nghiệm với app là rất tệ. Đơn hàng đặt mà tự huỷ không lý do, không hoàn tiền, không hoàn voucher. App gì mà không có cả thông tin hỗ trợ khách hàng. Một cty lớn như VNM mà làm một cái app không thể chấp nhận được.",1,11316128310,1.0.16,VN
@@@&&₫)!,https://itunes.apple.com/vn/reviews/id1648358740,Quá tệ,"Côngty lớn mà bên cskh quá tệ đặt 3 đơn ko giao cũng k hoàn voucher ,gọi tổng đài 3 lần cung k giải quyết cho ,tệ hơn chữ tệ,bực quá cào sml để đổi điểm k dkd gì ,đổi sữa khác cho con luôn",1,11286713826,1.0.15,VN
Kkk12683,https://itunes.apple.com/vn/reviews/id1113185392,Đổi điểm,"Bấm đổi điểm xong mất tiêu không thấy gì hết vậy, điểm bị trừ mà quà không thấy",2,11275382598,1.0.15,VN
()()😝,https://itunes.apple.com/vn/reviews/id1630057508,Quét mã ko đc còn bắt tải aap như bên NutiFood quét cái đc liền,Rắc rối,1,11269774268,1.0.15,VN
Huyn0508,https://itunes.apple.com/vn/reviews/id1562679279,Ghét,"Cập nhật ít thôi, 34k điểm quét vẫn 34k",1,11269758000,1.0.15,VN
ngố na,https://itunes.apple.com/vn/reviews/id1657033875,Quét hết 2 thùng 24 loc không cộng điểm,"Update xong quét ko cộng điểm
Mất 24x3000 điểm",1,11269579619,1.0.15,VN
Rosé3123,https://itunes.apple.com/vn/reviews/id1638119052,Lừa đảo,2 ngày trôi qua vẫn ko cập nhật điểm,1,11268284973,1.0.15,VN
nagskdgd,https://itunes.apple.com/vn/reviews/id1520413849,App lừa đảo,Đặt hàng xong add voucher nhưng vào ngày sau lại bảo là không giao được hàng đã thế lại còn không hoàn lại voucher.,1,11266287408,1.0.15,VN
nguyenduong88@&$,https://itunes.apple.com/vn/reviews/id1656584673,😓,Không quét được mã là sao ạ,2,11264953066,1.0.15,VN
TiểuVi,https://itunes.apple.com/vn/reviews/id686216085,Mất uy tín,App của công ty lớn mà CSKH kém..mới thử dùng và đặt hàng đã khiến mk thất vọng..tự động huỷ đơn k giao làm mình chờ đến ngày giao hàng mới tbao huỷ đơn k 1 lý do..thôi đổi dòng khác cho lành,1,11262210907,1.0.15,VN
jdjejrjjrjrjr,https://itunes.apple.com/vn/reviews/id1137955623,Chán,"Quá chán 
Cái app gì tích điểm không được 
Lừa đảo",1,11261503663,1.0.15,VN
Thi Aliô,https://itunes.apple.com/vn/reviews/id1653635823,Quét mã tích điểm,Lừa đảo,1,11233003981,1.0.13,VN
kimngan993,https://itunes.apple.com/vn/reviews/id1554490040,"Mình nhận được hàng quà tặng nhanh nha mọi người. Khoảng 5,6 ngày hàng tới ạ",Quà hàng đóng gói cẩn thận ok lắm ạ.,5,11229686158,1.0.13,VN
hdhdndnd xvsvs,https://itunes.apple.com/vn/reviews/id1349780360,Chiếm quá nhiềi bộ nhớ,Chỉ có check in check out mà tốn 33Gb bộ nhớ là sao dev,1,11226224157,1.0.13,VN
Inlove1237,https://itunes.apple.com/vn/reviews/id1636312662,Kh quét mã đc là sao vậy,Thất vọng,2,11208267669,1.0.12,VN
Salai T,https://itunes.apple.com/vn/reviews/id1650625961,Không,Tải app xong dk có được cái gì đâu mà tích điểm. Hèn gì app có 150ng.,1,11201230403,1.0.12,VN
Garena hư,https://itunes.apple.com/vn/reviews/id497570133,Mất thời gian,"Dt dùng 4 số ở nhà đều kêu đã đăng ký, làm ăn ko để tâm vào ko biết chất lượng sữa như thế nào",1,11186557779,1.0.12,VN
H@@-;:,https://itunes.apple.com/vn/reviews/id1648911557,App lỗi,"Khó thực hiện thao tác đăng nhập, quét mã không được",1,11183441333,1.0.12,VN
d_ythien,https://itunes.apple.com/vn/reviews/id994805591,App tuyệt zời,Mình mua hàng trên này rẻ hơn shope,5,11167586340,1.0.12,VN
Dtla68,https://itunes.apple.com/vn/reviews/id570175301,web rất đẹp,Trang order history của web đầy đủ tính năng có cả yêu cầu huỷ 5 sao,5,11164255221,1.0.12,VN
Linh🤔🤔🤔,https://itunes.apple.com/vn/reviews/id1634520525,Sữa,"Ê mấy anh chị đổi sao chứ ,e thấy ok mà e dổi quà cho bé nhà e chắc nhiều lun á gấu với ba lo các thứ 1tuần là nhận đc quà à",3,11148534134,1.0.12,VN
fi fai lửa chùa😃,https://itunes.apple.com/vn/reviews/id1139827335,App lỗi quá nhều,"Quét mã mà không nận được điểm, app lỗi quá nhiều🥲",2,11142681064,1.0.12,VN
ủa rồi có cho gửi ko hỏi quài,https://itunes.apple.com/vn/reviews/id506434609,Đổi được nhiều quà ♥️♥️♥️,Tuyệt,5,11142152820,1.0.12,VN
1268.99,https://itunes.apple.com/vn/reviews/id1497611862,Khuyến mãi,"Công ty lớn làm khuyến mãi không đổi quà cho người ta lấy luôn số điểm đổi quà, gọi không nghe, gửi mail không trả lời.
Khâu chăm sóc khách hàng như vậy mà tồn tại được!",1,11134871411,1.0.11,VN
Mmeoooooo,https://itunes.apple.com/vn/reviews/id1643789126,Cho 1* rồi gỡ,App như ***,1,11129966713,1.0.11,VN
Mm2610,https://itunes.apple.com/vn/reviews/id576908169,App tệ,"Tải về cũng đâu có tích được điểm đâu, làm mất thời gian",1,11128319229,1.0.11,VN
Zzzzbjwke,https://itunes.apple.com/vn/reviews/id1643272006,Đánh giá,Quà tặng ko bán đổi bằng điểm đầy đủ rồi mà vẫn  bắt ngta thanh toán tiền app xàm lờ hết sức,2,11124451201,1.0.11,VN
Okeee6789,https://itunes.apple.com/vn/reviews/id1062292277,Hãng sữa lớn mà làm app cùi quá,"App này thả bỏ đi còn hơn,quét bao nhiêu lần mà không + điểm,quét toàn lỗi",1,11124423875,1.0.11,VN
Trngji,https://itunes.apple.com/vn/reviews/id1499443762,Tệ,Quét mã được rồi mà không cộng điểm cho người ta áp làm việc quá tệ,1,11124190984,1.0.11,VN
mynimynu,https://itunes.apple.com/vn/reviews/id934952375,Lỗi,"App quét mã QR ko được, báo lỗi Hoài",1,11098353211,1.0.10,VN
mitvantit,https://itunes.apple.com/vn/reviews/id1220533762,App đểu,App không quét mã được,1,11090957524,1.0.10,VN
biêt dan,https://itunes.apple.com/vn/reviews/id1486642746,Quét mã có được đâu toàn báo lỗi. Bịp quá chắc phải đổi sữa khác thôi,Quét mã có được đâu toàn báo lỗi. Bịp quá chắc phải đổi sữa khác thôi,1,11078926001,1.0.10,VN
ThanhhHoaii,https://itunes.apple.com/vn/reviews/id1042264765,Quá tệ,"App rất chậm, quét mã thưởng trả kết quả lâu, toàn báo lỗi. App hoạt động quá kém, đã xoá và không tải lại",1,11072439296,1.0.10,VN
Shopee làm ăn thất đức,https://itunes.apple.com/vn/reviews/id872415782,App như cức luôn. Quét mã QR tích điểm mà quay tít,App như cức luôn. Quét mã QR tích điểm mà quay tít,1,11069067761,1.0.10,VN
m.t.my.may,https://itunes.apple.com/vn/reviews/id1472706073,Cho 0 sao ⭐️mới xứng đáng,"App tệ thật sự, quét mã mà cứ báo lỗi,dẹp m* app đi",1,11068193751,1.0.10,VN
Ccc0k,https://itunes.apple.com/vn/reviews/id1099248036,"Giao hàng siêu lâu, quét mã QR tích điểm toàn báo lỗi","Giao hàng siêu lâu, quét mã QR tích điểm toàn báo lỗi",2,11065376995,1.0.10,VN
Đức Duy 6868,https://itunes.apple.com/vn/reviews/id1636467309,Quá kém,Đội ngũ làm app quá tệ bực mình,1,11054802469,1.0.10,VN
Sâm dứaaaa,https://itunes.apple.com/vn/reviews/id1562973415,Shop làm ăn rất láo,"Mn nên cân nhắc khi đặt hàng shop này. Đưn mình đặt từ 4/3 không 1 cuộc gọi giao hàng, đến ngày 16/3 tự ý huỷ đơn vì ko giao được.
Ủa là sao má ?",1,11049224906,1.0.10,VN
Thoconcutephomaique,https://itunes.apple.com/vn/reviews/id1477127714,Tệ,Quá tệ,1,11046220521,1.0.10,VN
Squirrel Thông,https://itunes.apple.com/vn/reviews/id1560686694,Nhận xét về nhân viên và quá trình giao hàng nhôn lừ !,"Đã giao muộn , nt xl khách hàng 5 lần 7 lượt xong tự hủy đơn hàng của khách mà Đ.. Cần hỏi khách 1 lời, k hoàn lại vocher trong đơn hủy , gọi cskh quá 24 tiếng mà bên có trách nhiệm k thèm trloi kh 1 câu !",1,11039448984,1.0.10,VN
Neuhd,https://itunes.apple.com/vn/reviews/id1579554553,Mất thời gian,"App tệ, đặt hàng xử lý đơn hàng và giao hàng quá lâu, cần khắc phục",1,11034974848,1.0.10,VN
zyzy94,https://itunes.apple.com/vn/reviews/id1067734868,Tệ,Chưa thấy cái app nào xàm như vậy. Đăng nhập sdt ko lấy đc otp,1,11025501619,1.0.10,VN
thanhhuong912,https://itunes.apple.com/vn/reviews/id1007742571,Lỗi,"Thùng sữa 12 thẻ, cào xong quét đc 2 thẻ
9 thẻ báo lỗi :))",1,11018292560,1.0.10,VN
dưa chuột 99,https://itunes.apple.com/vn/reviews/id1416346603,Quá kém,"Tự ý huỷ đơn của khách hàng đặt,không thể chấp nhận được thái độ phục vụ của nhãn hàng này,1 sao không có nhưng",1,11017542267,1.0.10,VN
Dương gấu24,https://itunes.apple.com/vn/reviews/id1182166051,Chán,"Áp phế v, số chưa đăng nhập tạo tài khoản k đc thôi vứt đi",1,11016662259,1.0.10,VN
Ly3112,https://itunes.apple.com/vn/reviews/id557573712,Khắc phục hơn,Xử lý đơn hàng Giao hàng quá lâu..rất lâu..,4,11014961165,1.0.10,VN
Linh1?,https://itunes.apple.com/vn/reviews/id861464223,Quét QR code quá lâu,Phải cầm điện thoại chờ một lúc lâu mã mới quét thành công. Quá mất thời gian,1,11010931409,1.0.9,VN
nfuvd,https://itunes.apple.com/vn/reviews/id1583704730,đổi quà rồi. cả tháng chưa thấy quà đây,.,1,11002004701,1.0.9,VN
Như 2505,https://itunes.apple.com/vn/reviews/id1000221909,Quá tệ,"App quá tệ, phải vứt bỏ rất nhiều thẻ vì ko quét được cứ báo lỗi",1,10999650969,1.0.9,VN
DHP_Say,https://itunes.apple.com/vn/reviews/id1375537694,Chê,"Không nhận được mã otp dù đã thử lại nhiều cách, nhiều lần",1,10990797274,1.0.9,VN
Nhd2022,https://itunes.apple.com/vn/reviews/id1629835499,Không hài lòng,Chờ mã để lập tài khoản mà dài cổ,1,10988535330,1.0.9,VN
dcbgahg dtvui h,https://itunes.apple.com/vn/reviews/id1547626578,Quét mã ko đổi được,"Không đổi mã đc 
Quá tệ
Thất vọng về nhãn hàng sữa",1,10970852178,1.0.9,VN
abcjxkkdbeisbdjđkod,https://itunes.apple.com/vn/reviews/id1545484522,khá chậm,báo lỗi hoài.thẻ mới cào xong,3,10970539649,1.0.9,VN
Homehkt,https://itunes.apple.com/vn/reviews/id328569723,App quá lỗi,"App lỗi kinh khủng ko hiển thị, dùng cực chán. Chắc phải xoá app vì không sử dụng được",1,10956621317,1.0.9,VN
mẹ Vid,https://itunes.apple.com/vn/reviews/id402012258,Không dùng đươc,Nhập sdt mà k gửi  tin nhắn về,2,10952591229,1.0.9,VN
app khá dược,https://itunes.apple.com/vn/reviews/id1494549613,App ổn,App này khá hay mong ra nhiều tính năng mới,4,10912560698,1.0.8,VN
anhyeu123,https://itunes.apple.com/vn/reviews/id1062834841,CSKH quá kém,Tích điểm đổi thưởng đợi xử lý cả tuần chưa xử lý xong !,2,10910845726,1.0.8,VN
toannngiye,https://itunes.apple.com/vn/reviews/id1392326403,app đẹp,ok,5,10810487789,1.0.7,VN
anhng48,https://itunes.apple.com/vn/reviews/id1019751402,Giao diện rất đẹp,"Giao diện rất đẹp, tuy nhiên app hơi lag",5,10808912511,1.0.7,VN
